i,fe
36005000100,-1.0193186996848207
36005000200,-0.9224302467391917
36005000400,-0.9224302467391917
36005001600,-0.9224302467391917
36005001900,-1.0067782597928079
36005002000,-0.9224302467391917
36005002300,-1.0067782597928079
36005002400,-0.9626792401940903
36005002500,-1.0067782597928079
36005002701,-1.0067782597928079
36005002702,-1.0067782597928079
36005002800,-0.9626792401940903
36005003100,-1.0067782597928079
36005003300,-1.0067782597928079
36005003500,-1.0067782597928079
36005003700,-1.0067782597928079
36005003800,-0.9625893652412628
36005003900,-1.0067782597928079
36005004001,-0.9481429618656741
36005004100,-1.0067782597928079
36005004200,-0.9224302467391917
36005004300,-1.0067782597928079
36005004400,-0.9625893652412628
36005004600,-0.9625893652412628
36005004800,-0.9626792401940903
36005005001,-0.9626792401940903
36005005002,-0.9626792401940903
36005005100,-1.0067782597928079
36005005200,-0.9626792401940903
36005005300,-0.9736467023452124
36005005400,-0.9626792401940903
36005005600,-1.0067782597928079
36005005902,-1.0067782597928079
36005006000,-1.0067782597928079
36005006100,-1.0067782597928079
36005006200,-0.9625893652412628
36005006300,-0.9645446264744654
36005006400,-0.9625893652412628
36005006500,-1.0067782597928079
36005006700,-1.0067782597928079
36005006800,-0.9625893652412628
36005006900,-1.0067782597928079
36005007000,-0.9625893652412628
36005007100,-1.0067782597928079
36005007200,-0.9324233870248546
36005007300,-1.0067782597928079
36005007400,-0.9224302467391917
36005007500,-1.0067782597928079
36005007600,-0.9625893652412628
36005007700,-1.0067782597928079
36005007800,-0.9324233870248546
36005007900,-1.0067782597928079
36005008300,-1.0067782597928079
36005008400,-0.9224302467391917
36005008500,-1.0067782597928079
36005008600,-0.9224302467391917
36005008700,-1.0067782597928079
36005008900,-1.0067782597928079
36005009000,-0.9224302467391917
36005009200,-0.9324233870248546
36005009300,-0.9626792401940903
36005009600,-0.9324233870248546
36005009800,-0.9224302467391917
36005011000,-0.9324233870248546
36005011502,-0.9626792401940903
36005011700,-0.9626792401940903
36005011800,-0.9214118977621688
36005011900,-1.0067782597928079
36005012101,-1.0067782597928079
36005012102,-1.0067782597928079
36005012300,-1.0067782597928079
36005012500,-1.0067782597928079
36005012701,-1.0067782597928079
36005012901,-1.0067782597928079
36005013000,-0.9324233870248546
36005013100,-1.0067782597928079
36005013200,-0.9214118977621688
36005013300,-1.0067782597928079
36005013500,-1.0067782597928079
36005013800,-0.9324233870248546
36005014100,-1.0067782597928079
36005014300,-1.0067782597928079
36005014400,-0.9292769306402128
36005014500,-1.0067782597928079
36005014701,-1.0067782597928079
36005014702,-1.0067782597928079
36005014900,-1.0067782597928079
36005015100,-1.0067782597928079
36005015200,-0.9324233870248546
36005015300,-1.0067782597928079
36005015500,-1.0067782597928079
36005015700,-1.0067782597928079
36005015800,-0.9324233870248546
36005015900,-1.0067782597928079
36005016000,-0.9324233870248546
36005016100,-1.0067782597928079
36005016200,-0.9324233870248546
36005016300,-1.0067782597928079
36005016400,-0.9324233870248546
36005016500,-1.0067782597928079
36005016600,-0.9324233870248546
36005016700,-1.0067782597928079
36005016900,-1.0067782597928079
36005017100,-1.0067782597928079
36005017300,-1.0067782597928079
36005017500,-1.0067782597928079
36005017701,-1.0067782597928079
36005017702,-1.0067782597928079
36005017901,-1.0067782597928079
36005017902,-1.0067782597928079
36005018101,-1.0067782597928079
36005018102,-1.0067782597928079
36005018301,-1.0067782597928079
36005018302,-1.0067782597928079
36005018400,-0.9324233870248546
36005018500,-1.0067782597928079
36005018900,-0.9645446264744654
36005019300,-0.9645446264744654
36005019400,-0.9324233870248546
36005019500,-0.9645446264744654
36005019700,-0.9645446264744654
36005019900,-0.9645446264744654
36005020000,-0.952190582012971
36005020100,-0.9645446264744654
36005020200,-0.952190582012971
36005020400,-0.952190582012971
36005020501,-0.9736467023452124
36005020502,-0.9736467023452124
36005020601,-0.952190582012971
36005020900,-0.9981789669148337
36005021001,-0.9324233870248546
36005021002,-0.7497308145096923
36005021100,-0.9736467023452124
36005021200,-0.8846159963283896
36005021301,-0.9981789669148337
36005021302,-0.9981789669148337
36005021501,-0.9736467023452124
36005021502,-0.9736467023452124
36005021601,-0.9625893652412628
36005021602,-0.9324233870248546
36005021700,-0.9981789669148337
36005021800,-0.9625893652412628
36005021900,-0.9981789669148337
36005022000,-0.9999703726474206
36005022101,-0.9981789669148337
36005022102,-0.9981789669148337
36005022200,-0.9324233870248546
36005022300,-0.9981789669148337
36005022401,-0.9981789669148337
36005022403,-0.9981789669148337
36005022404,-0.9981789669148337
36005022500,-0.9981789669148337
36005022701,-0.9981789669148337
36005022702,-0.9981789669148337
36005022703,-0.9981789669148337
36005022800,-0.9981789669148337
36005022901,-0.9981789669148337
36005022902,-0.9981789669148337
36005023000,-0.9981789669148337
36005023100,-0.9981789669148337
36005023200,-0.9981789669148337
36005023301,-0.9981789669148337
36005023302,-0.9981789669148337
36005023501,-0.9981789669148337
36005023502,-0.9981789669148337
36005023600,-0.9981789669148337
36005023702,-0.9981789669148337
36005023703,-0.9924456284698961
36005023704,-0.9981789669148337
36005023800,-0.9981789669148337
36005023900,-0.9736467023452124
36005024000,-0.9981789669148337
36005024100,-0.9736467023452124
36005024300,-0.9736467023452124
36005024400,-0.9981789669148337
36005024501,-0.9736467023452124
36005024502,-0.9736467023452124
36005024600,-0.9981789669148337
36005024700,-0.9736467023452124
36005024800,-0.9981789669148337
36005024900,-0.9736467023452124
36005025000,-0.9981789669148337
36005025100,-0.9736467023452124
36005025200,-0.9981789669148337
36005025300,-0.9736467023452124
36005025400,-0.9981789669148337
36005025500,-0.9736467023452124
36005025600,-0.9981789669148337
36005025700,-0.9736467023452124
36005026100,-0.9736467023452124
36005026300,-0.9736467023452124
36005026400,-0.9324233870248546
36005026500,-0.9736467023452124
36005026601,-0.9324233870248546
36005026602,-0.9324233870248546
36005026701,-0.9736467023452124
36005026702,-0.9517498977099796
36005026900,-0.9736467023452124
36005027300,-0.9517498977099796
36005027401,-0.9324233870248546
36005027402,-0.9324233870248546
36005027600,-0.9324233870248546
36005027700,-0.9517498977099796
36005027900,-0.9517498977099796
36005028100,-0.9736467023452124
36005028300,-0.9517498977099796
36005028400,-0.9324233870248546
36005028500,-0.9517498977099796
36005028600,-0.9981789669148337
36005028700,-0.9517498977099796
36005028800,-0.9981789669148337
36005028900,-0.9517498977099796
36005029301,-0.9517498977099796
36005029302,-0.9517498977099796
36005029500,-0.9517498977099796
36005029600,-0.9981789669148337
36005029700,-0.9517498977099796
36005030000,-0.9324233870248546
36005030100,-0.9517498977099796
36005030200,-0.6280317058028964
36005030701,-0.9517498977099796
36005030900,-0.9517498977099796
36005031000,-0.9324233870248546
36005031200,-0.9981789669148337
36005031400,-0.9981789669148337
36005031600,-0.9981789669148337
36005031800,-0.9981789669148337
36005031900,-0.9678553954275998
36005032300,-0.9517498977099796
36005032400,-0.9981789669148337
36005032600,-0.9981789669148337
36005032800,-0.9981789669148337
36005033000,-0.9981789669148337
36005033201,-0.9981789669148337
36005033202,-0.9981789669148337
36005033400,-0.9981789669148337
36005033500,-0.9517498977099796
36005033600,-0.9981789669148337
36005033700,-0.9517498977099796
36005033800,-0.9981789669148337
36005034000,-0.9981789669148337
36005034200,-0.9981789669148337
36005034300,-0.9635780533362716
36005034400,-0.9981789669148337
36005034500,-0.9517498977099796
36005034800,-0.9981789669148337
36005035000,-0.9981789669148337
36005035100,-0.9517498977099796
36005035600,-0.9324233870248546
36005035800,-0.9267586203598764
36005035900,-1.0067782597928079
36005036000,-0.9981789669148337
36005036100,-0.9999703726474206
36005036300,-0.9981789669148337
36005036400,-0.9981789669148337
36005036501,-0.9981789669148337
36005036502,-1.0067782597928079
36005036700,-1.0067782597928079
36005036800,-0.9981789669148337
36005036901,-1.0067782597928079
36005036902,-1.0067782597928079
36005037000,-0.9981789669148337
36005037100,-0.9981789669148337
36005037200,-0.9981789669148337
36005037300,-0.9981789669148337
36005037400,-0.9981789669148337
36005037504,-0.9981789669148337
36005037600,-0.9981789669148337
36005037800,-0.9981789669148337
36005037900,-0.9981789669148337
36005038000,-0.9981789669148337
36005038100,-0.9981789669148337
36005038200,-0.9981789669148337
36005038301,-0.9981789669148337
36005038302,-0.9981789669148337
36005038500,-0.9981789669148337
36005038600,-0.9267586203598764
36005038700,-0.9981789669148337
36005038800,-0.9981789669148337
36005038900,-0.9981789669148337
36005039000,-0.9981789669148337
36005039100,-0.9981789669148337
36005039200,-0.9981789669148337
36005039300,-0.9981789669148337
36005039400,-0.9736467023452124
36005039500,-0.9981789669148337
36005039600,-0.9736467023452124
36005039700,-0.9981789669148337
36005039800,-0.9736467023452124
36005039901,-0.9810753670551429
36005039902,-0.9981789669148337
36005040100,-0.9810753670551429
36005040302,-0.9810753670551429
36005040303,-0.9736467023452124
36005040304,-0.9810753670551429
36005040400,-0.9736467023452124
36005040501,-0.9810753670551429
36005040502,-0.9810753670551429
36005040600,-0.9736467023452124
36005040701,-0.9736467023452124
36005040702,-0.9736467023452124
36005040800,-0.9736467023452124
36005040900,-0.9736467023452124
36005041100,-0.9736467023452124
36005041300,-0.9736467023452124
36005041400,-0.9736467023452124
36005041500,-0.9736467023452124
36005041800,-0.9736467023452124
36005041900,-0.9736467023452124
36005042000,-0.9736467023452124
36005042100,-0.9736467023452124
36005042200,-0.9736467023452124
36005042300,-0.9736467023452124
36005042400,-0.9736467023452124
36005042500,-0.9736467023452124
36005042600,-0.9267586203598764
36005042800,-0.9736467023452124
36005042901,-0.9736467023452124
36005042902,-0.9736467023452124
36005043000,-0.9736467023452124
36005043100,-0.9736467023452124
36005043400,-0.9736467023452124
36005043500,-0.9736467023452124
36005043600,-0.9736467023452124
36005044200,-0.9736467023452124
36005044400,-0.9736467023452124
36005044800,-0.9736467023452124
36005044901,-0.9736467023452124
36005044902,-0.9736467023452124
36005045101,-0.9736467023452124
36005045102,-0.9736467023452124
36005045600,-0.9267586203598764
36005045800,-0.9267586203598764
36005046000,-0.9267586203598764
36005046201,0.23739998710979765
36005046202,-0.9141269964208154
36005048400,-0.9267586203598764
36005050400,-0.9324233870248546
36005051600,-0.8918807636444721
36047000100,-1.0194490506970955
36047000200,-1.0662260549699154
36047000301,-1.0386530718913078
36047000501,-1.0738885751173772
36047000502,-1.0768593496246694
36047000700,-1.0738885751173772
36047000900,-1.0768593496246694
36047001100,-1.1500393110931322
36047001300,-1.114204889116366
36047001500,-1.114204889116366
36047001800,-1.0662260549699154
36047002000,-1.0662260549699154
36047002100,-1.0194490506970955
36047002200,-1.0662260549699154
36047002300,-1.114204889116366
36047002901,-1.114204889116366
36047003000,-1.0662260549699154
36047003100,-1.114204889116366
36047003300,-1.114204889116366
36047003400,-0.9988346283014659
36047003500,-1.114204889116366
36047003600,-0.9988346283014659
36047003700,-1.1168580466686464
36047003800,-0.9988346283014659
36047003900,-1.114204889116366
36047004100,-1.0768593496246694
36047004300,-1.0768593496246694
36047004400,-0.9988346283014659
36047004500,-1.0738885751173772
36047004600,-0.9988346283014659
36047004700,-1.0738885751173772
36047004900,-1.0738885751173772
36047005000,-0.9988346283014659
36047005100,-1.0738885751173772
36047005201,-0.9988346283014659
36047005202,-0.9883188645668782
36047005300,-1.0662260549699154
36047005400,-0.9883188645668782
36047005601,-0.9732035083768183
36047005602,-0.9988346283014659
36047005800,-0.9988346283014659
36047005900,-1.0738885751173772
36047006000,-0.9988346283014659
36047006200,-0.9988346283014659
36047006300,-1.0738885751173772
36047006400,-0.9988346283014659
36047006500,-1.0662260549699154
36047006600,-0.9988346283014659
36047006700,-1.0738885751173772
36047006800,-0.9988346283014659
36047006900,-1.0738885751173772
36047007000,-1.0662260549699154
36047007100,-1.0768593496246694
36047007200,-1.0662260549699154
36047007400,-1.0662260549699154
36047007500,-1.0662260549699154
36047007600,-1.0662260549699154
36047007700,-1.0662260549699154
36047007800,-1.0662260549699154
36047008000,-1.0662260549699154
36047008200,-1.0662260549699154
36047008400,-1.0662260549699154
36047008500,-0.9466308443189008
36047008600,-1.0662260549699154
36047008800,-1.0662260549699154
36047009000,-1.0662260549699154
36047009200,-1.0662260549699154
36047009400,-1.0662260549699154
36047009600,-1.0662260549699154
36047009800,-1.0662260549699154
36047010000,-1.0662260549699154
36047010100,-1.0662260549699154
36047010200,-1.0662260549699154
36047010400,-1.0662260549699154
36047010600,-1.0662260549699154
36047010800,-1.0662260549699154
36047011000,-1.0662260549699154
36047011200,-1.0662260549699154
36047011400,-1.0662260549699154
36047011600,-1.0662260549699154
36047011700,-1.0662260549699154
36047011800,-1.0662260549699154
36047011900,-1.0662260549699154
36047012000,-1.0662260549699154
36047012100,-1.0662260549699154
36047012200,-1.0662260549699154
36047012600,-1.044382472205253
36047012700,-1.0768593496246694
36047012801,-1.044382472205253
36047012901,-1.114204889116366
36047012902,-1.114204889116366
36047013000,-0.9988346283014659
36047013100,-1.0662260549699154
36047013200,-1.044382472205253
36047013300,-1.0390738299207765
36047013400,-0.9988346283014659
36047013500,-1.0390738299207765
36047013600,-0.9988346283014659
36047013700,-1.0390738299207765
36047013800,-0.9988346283014659
36047013900,-1.0390738299207765
36047014000,-1.044382472205253
36047014100,-1.0390738299207765
36047014200,-1.0302202812045687
36047014300,-1.0662260549699154
36047014500,-1.0662260549699154
36047014700,-1.0662260549699154
36047014800,-1.044382472205253
36047014900,-1.0390738299207765
36047015000,-1.044382472205253
36047015100,-1.0390738299207765
36047015200,-1.0302202812045687
36047015300,-1.0390738299207765
36047015400,-1.044382472205253
36047015500,-1.0390738299207765
36047015700,-1.0390738299207765
36047015900,-1.0390738299207765
36047016000,-0.9988346283014659
36047016100,-1.1037278468545533
36047016200,-0.9988346283014659
36047016300,-1.1037278468545533
36047016400,-1.0302202812045687
36047016500,-1.0390738299207765
36047016600,-1.044382472205253
36047016700,-1.0390738299207765
36047016800,-1.044382472205253
36047016900,-1.0390738299207765
36047017000,-1.044382472205253
36047017100,-1.0390738299207765
36047017200,-1.044382472205253
36047017400,-1.044382472205253
36047017500,-1.0662260549699154
36047017600,-1.044382472205253
36047017700,-1.0390738299207765
36047017800,-1.044382472205253
36047017900,-1.114204889116366
36047018000,-1.044382472205253
36047018100,-1.114204889116366
36047018200,-1.044382472205253
36047018300,-1.114204889116366
36047018400,-1.044382472205253
36047018501,-1.114204889116366
36047018600,-1.044382472205253
36047018700,-1.114204889116366
36047018800,-1.044382472205253
36047019000,-1.044382472205253
36047019100,-1.114204889116366
36047019200,-1.0690167981913772
36047019300,-1.114204889116366
36047019400,-1.0662260549699154
36047019500,-1.114204889116366
36047019600,-1.044382472205253
36047019700,-1.114204889116366
36047019800,-1.044382472205253
36047019900,-1.114204889116366
36047020000,-1.044382472205253
36047020100,-1.114204889116366
36047020200,-1.044382472205253
36047020300,-1.114204889116366
36047020400,-1.044382472205253
36047020500,-1.0517429501854363
36047020600,-1.044382472205253
36047020700,-1.0390738299207765
36047020800,-1.044382472205253
36047021000,-1.044382472205253
36047021100,-1.114204889116366
36047021200,-1.0662260549699154
36047021300,-1.0517429501854363
36047021400,-1.0690167981913772
36047021500,-1.0390738299207765
36047021600,-1.0690167981913772
36047021700,-1.0517429501854363
36047021800,-1.0690167981913772
36047021900,-1.0517429501854363
36047022000,-1.0690167981913772
36047022100,-1.0917712775233641
36047022200,-1.0662260549699154
36047022400,-1.0662260549699154
36047022600,-1.0662260549699154
36047022700,-1.114204889116366
36047022800,-1.0662260549699154
36047022900,-1.114204889116366
36047023000,-1.0662260549699154
36047023100,-1.114204889116366
36047023200,-1.0662260549699154
36047023300,-1.114204889116366
36047023400,-1.0690167981913772
36047023500,-1.114204889116366
36047023600,-1.0690167981913772
36047023800,-1.0690167981913772
36047024000,-1.0690167981913772
36047024100,-1.114204889116366
36047024200,-1.0690167981913772
36047024300,-1.114204889116366
36047024400,-1.0690167981913772
36047024500,-1.114204889116366
36047024600,-1.0690167981913772
36047024700,-1.1108260740762541
36047024800,-1.0690167981913772
36047024900,-1.1108260740762541
36047025000,-1.0690167981913772
36047025100,-1.114204889116366
36047025200,-1.0504605050469087
36047025300,-1.114204889116366
36047025400,-1.0572261232633802
36047025500,-1.114204889116366
36047025600,-1.0504605050469087
36047025700,-1.114204889116366
36047025800,-1.044382472205253
36047025901,-1.114204889116366
36047025902,-1.114204889116366
36047026000,-1.044382472205253
36047026100,-1.114204889116366
36047026200,-1.044382472205253
36047026300,-1.114204889116366
36047026400,-1.044382472205253
36047026500,-1.1108260740762541
36047026600,-1.044382472205253
36047026700,-1.1108260740762541
36047026800,-1.044382472205253
36047026900,-1.1108260740762541
36047027000,-1.0326564120894863
36047027100,-1.1108260740762541
36047027200,-1.044382472205253
36047027300,-1.1108260740762541
36047027400,-1.044382472205253
36047027500,-1.1108260740762541
36047027600,-1.044382472205253
36047027700,-1.1108260740762541
36047027800,-1.044382472205253
36047027900,-1.1108260740762541
36047028000,-1.044382472205253
36047028100,-1.1126797670719462
36047028200,-1.044382472205253
36047028300,-1.114204889116366
36047028400,-1.044382472205253
36047028501,-1.114204889116366
36047028502,-1.114204889116366
36047028600,-1.0321493388170515
36047028700,-1.1126797670719462
36047028800,-1.0326564120894863
36047028900,-1.1108260740762541
36047029000,-1.0321493388170515
36047029100,-1.1108260740762541
36047029200,-1.0321493388170515
36047029300,-1.1108260740762541
36047029400,-1.0053542081056108
36047029500,-1.1108260740762541
36047029600,-1.0053542081056108
36047029700,-1.1108260740762541
36047029800,-1.0315675856618105
36047029900,-1.1108260740762541
36047030000,-1.0053542081056108
36047030100,-1.1108260740762541
36047030200,-1.0053542081056108
36047030300,-1.0917712775233641
36047030400,-0.9803540651489491
36047030500,-1.0517429501854363
36047030600,-1.0053542081056108
36047030700,-1.0917712775233641
36047030800,-1.0053542081056108
36047030900,-1.0926763769465506
36047031100,-1.0917712775233641
36047031300,-1.0917712775233641
36047031400,-0.9387615047409213
36047031500,-1.0917712775233641
36047031701,-1.0917712775233641
36047031702,-1.0917712775233641
36047031900,-1.0849741590742534
36047032100,-1.0517429501854363
36047032300,-1.0517429501854363
36047032500,-1.0517429501854363
36047032600,-0.9325212663627712
36047032700,-1.0517429501854363
36047032800,-0.9325212663627712
36047032900,-1.0517429501854363
36047033000,-0.9325212663627712
36047033100,-1.0560892105313806
36047033300,-1.0849741590742534
36047033500,-1.0917712775233641
36047033600,-0.9325212663627712
36047033700,-1.0917712775233641
36047033900,-1.0917712775233641
36047034000,-0.9325212663627712
36047034100,-1.0917712775233641
36047034200,-0.9325212663627712
36047034300,-1.0917712775233641
36047034500,-1.0917712775233641
36047034700,-1.0917712775233641
36047034800,-1.003657986905879
36047034900,-1.0917712775233641
36047035000,-1.003657986905879
36047035100,-1.0917712775233641
36047035200,-1.003657986905879
36047035300,-1.0917712775233641
36047035400,-1.003657986905879
36047035500,-1.0560892105313806
36047035601,-1.003657986905879
36047035602,-1.003657986905879
36047035700,-1.0917712775233641
36047035900,-1.0917712775233641
36047036001,-1.003657986905879
36047036002,-1.003657986905879
36047036100,-1.0917712775233641
36047036200,-1.003657986905879
36047036300,-1.0917712775233641
36047036400,-1.003657986905879
36047036501,-1.1108260740762541
36047036502,-1.1108260740762541
36047036600,-1.003657986905879
36047036700,-1.1108260740762541
36047036900,-1.1108260740762541
36047037000,-1.003657986905879
36047037100,-1.1108260740762541
36047037300,-1.1108260740762541
36047037401,-1.003657986905879
36047037402,-1.003657986905879
36047037500,-1.1108260740762541
36047037700,-1.1108260740762541
36047037900,-1.1108260740762541
36047038100,-1.1108260740762541
36047038200,-1.0053542081056108
36047038300,-1.1108260740762541
36047038500,-1.1108260740762541
36047038600,-1.0315675856618105
36047038700,-1.1108260740762541
36047038800,-1.0570633410222177
36047038900,-1.1126797670719462
36047039000,-1.0570633410222177
36047039100,-1.1049283222636057
36047039200,-1.0570633410222177
36047039300,-1.1108260740762541
36047039400,-1.0570633410222177
36047039500,-1.1108260740762541
36047039600,-1.0570633410222177
36047039700,-1.1108260740762541
36047039800,-1.0570633410222177
36047039900,-1.1049283222636057
36047040000,-1.0570633410222177
36047040100,-1.1108260740762541
36047040200,-1.0315675856618105
36047040300,-1.1108260740762541
36047040400,-1.0326564120894863
36047040500,-1.1108260740762541
36047040600,-1.044382472205253
36047040700,-1.1108260740762541
36047040800,-1.0570633410222177
36047040900,-1.1049283222636057
36047041000,-1.0572261232633802
36047041100,-1.1108260740762541
36047041200,-1.0572261232633802
36047041300,-1.1049283222636057
36047041401,-1.0572261232633802
36047041402,-1.0572261232633802
36047041500,-1.1049283222636057
36047041600,-1.0570633410222177
36047041700,-1.1049283222636057
36047041800,-1.0572261232633802
36047041900,-1.1049283222636057
36047042000,-1.0572261232633802
36047042100,-1.1049283222636057
36047042200,-1.0572261232633802
36047042300,-1.1049283222636057
36047042400,-1.0572261232633802
36047042500,-1.1049283222636057
36047042600,-1.0570633410222177
36047042700,-1.1049283222636057
36047042800,-1.044382472205253
36047042900,-1.1049283222636057
36047043000,-1.044382472205253
36047043100,-1.1049283222636057
36047043200,-1.0572261232633802
36047043300,-1.1049283222636057
36047043400,-1.0572261232633802
36047043500,-1.1049283222636057
36047043600,-1.0572261232633802
36047043700,-1.1049283222636057
36047043800,-1.0572261232633802
36047043900,-1.1049283222636057
36047044000,-1.0690167981913772
36047044100,-1.1049283222636057
36047044200,-1.0572261232633802
36047044300,-1.1049283222636057
36047044400,-1.0690167981913772
36047044500,-1.1049283222636057
36047044600,-1.0690167981913772
36047044700,-1.1049283222636057
36047044800,-1.0690167981913772
36047044900,-1.0793502097873398
36047045000,-1.0690167981913772
36047045200,-1.0690167981913772
36047045300,-1.1049283222636057
36047045400,-1.0690167981913772
36047045600,-1.0690167981913772
36047045800,-1.0690167981913772
36047046000,-1.0662260549699154
36047046201,-1.0690167981913772
36047046202,-1.0690167981913772
36047046400,-1.0690167981913772
36047046800,-1.0690167981913772
36047047000,-1.0690167981913772
36047047200,-1.0690167981913772
36047047400,-1.0690167981913772
36047047600,-1.0690167981913772
36047047700,-1.0793502097873398
36047047800,-1.0662260549699154
36047048000,-1.0662260549699154
36047048100,-1.082181455321158
36047048200,-1.0390738299207765
36047048400,-1.0390738299207765
36047048500,-1.1049283222636057
36047048600,-1.0390738299207765
36047048800,-1.0390738299207765
36047048900,-1.1049283222636057
36047049000,-1.0390738299207765
36047049100,-1.082181455321158
36047049200,-1.0390738299207765
36047049300,-1.082181455321158
36047049400,-1.0390738299207765
36047049500,-1.082181455321158
36047049600,-1.0390738299207765
36047049700,-1.082181455321158
36047049800,-1.0390738299207765
36047049900,-1.082181455321158
36047050000,-1.0390738299207765
36047050100,-1.082181455321158
36047050202,-1.0390738299207765
36047050300,-1.082181455321158
36047050400,-1.0390738299207765
36047050500,-1.082181455321158
36047050600,-1.0390738299207765
36047050700,-1.114204889116366
36047050801,-1.0390738299207765
36047050803,-1.0390738299207765
36047050804,-1.0390738299207765
36047050900,-1.114204889116366
36047051001,-1.0390738299207765
36047051002,-1.0390738299207765
36047051100,-1.082181455321158
36047051200,-1.0390738299207765
36047051300,-1.082181455321158
36047051400,-1.0390738299207765
36047051500,-1.082181455321158
36047051601,-1.0390738299207765
36047051602,-1.0390738299207765
36047051700,-1.082181455321158
36047051800,-1.0390738299207765
36047051900,-1.082181455321158
36047052000,-1.0390738299207765
36047052300,-1.082181455321158
36047052500,-1.114204889116366
36047052600,-1.0390738299207765
36047052700,-1.082181455321158
36047052800,-1.0662260549699154
36047052900,-1.114204889116366
36047053000,-1.0662260549699154
36047053100,-1.114204889116366
36047053200,-1.0662260549699154
36047053300,-1.114204889116366
36047053400,-1.0662260549699154
36047053500,-1.114204889116366
36047053700,-1.114204889116366
36047053800,-1.0570633410222177
36047053900,-1.114204889116366
36047054200,-1.0570633410222177
36047054300,-1.114204889116366
36047054400,-1.0570633410222177
36047054500,-1.114204889116366
36047054600,-1.0570633410222177
36047054700,-1.114204889116366
36047054800,-1.0570633410222177
36047054900,-1.082181455321158
36047055000,-1.0570633410222177
36047055100,-1.0656110850889344
36047055200,-1.0570633410222177
36047055300,-1.082181455321158
36047055400,-1.0570633410222177
36047055500,-1.082181455321158
36047055600,-1.0570633410222177
36047055700,-1.082181455321158
36047055800,-1.0570633410222177
36047056000,-1.0570633410222177
36047056100,-1.0230649194363695
36047056200,-1.0570633410222177
36047056300,-1.0230649194363695
36047056400,-1.0399119258938265
36047056500,-1.0230649194363695
36047056600,-1.0399119258938265
36047056800,-1.0399119258938265
36047056900,-1.082181455321158
36047057000,-0.964882270369953
36047057100,-1.0793502097873398
36047057200,-0.964882270369953
36047057300,-1.0793502097873398
36047057400,-1.0399119258938265
36047057500,-1.0230649194363695
36047057600,-1.0399119258938265
36047057800,-1.0570633410222177
36047057900,-1.0793502097873398
36047058000,-1.0570633410222177
36047058200,-1.0570633410222177
36047058400,-1.0570633410222177
36047058600,-1.0570633410222177
36047058800,-1.044334637788756
36047058900,-1.0793502097873398
36047059000,-1.044334637788756
36047059100,-1.0793502097873398
36047059200,-1.0299387731278875
36047059300,-1.0793502097873398
36047059401,-0.964882270369953
36047059402,-0.964882270369953
36047059600,-0.964882270369953
36047059800,-0.964882270369953
36047060000,-0.964882270369953
36047060600,-1.0299387731278875
36047060800,-1.003657986905879
36047061002,-1.003657986905879
36047061003,-1.003657986905879
36047061004,-1.003657986905879
36047061200,-1.003657986905879
36047061600,-1.003657986905879
36047062000,-1.003657986905879
36047062200,-1.003657986905879
36047062600,-0.964882270369953
36047062800,-0.964882270369953
36047063200,-1.0265520026990893
36047063600,-1.0399119258938265
36047063800,-1.0399119258938265
36047064000,-1.0399119258938265
36047064200,-1.053135011544026
36047064400,-1.0399119258938265
36047064600,-1.0399119258938265
36047064800,-1.0399119258938265
36047065000,-1.0399119258938265
36047065200,-1.0399119258938265
36047065400,-1.0399119258938265
36047065600,-1.0399119258938265
36047065800,-1.0399119258938265
36047066000,-1.0399119258938265
36047066200,-1.0399119258938265
36047066600,-1.0265520026990893
36047067000,-1.0236678089277518
36047067200,-1.0399119258938265
36047067400,-1.0399119258938265
36047067600,-1.0399119258938265
36047067800,-1.0130109387257493
36047068000,-1.0236678089277518
36047068200,-1.0236678089277518
36047068600,-1.0236678089277518
36047068800,-1.0236678089277518
36047069000,-1.0236678089277518
36047069200,-1.0130109387257493
36047069601,-1.0032205055334933
36047069602,-0.9760011909984083
36047069800,-1.0236678089277518
36047070000,-0.9760011909984083
36047070201,-0.8395027537967019
36047070202,-1.003826954920155
36047070203,-1.0032205055334933
36047070600,-0.9760011909984083
36047072000,-1.0130109387257493
36047072200,-1.0130109387257493
36047072400,-1.0399119258938265
36047072600,-1.0399119258938265
36047072800,-1.0130109387257493
36047073000,-1.0399119258938265
36047073200,-1.0399119258938265
36047073400,-1.0399119258938265
36047073600,-1.0399119258938265
36047073800,-1.0399119258938265
36047074000,-1.0399119258938265
36047074200,-1.0399119258938265
36047074400,-1.0399119258938265
36047074600,-1.0399119258938265
36047074800,-1.0500795779984131
36047075000,-1.0500795779984131
36047075200,-1.0570633410222177
36047075400,-1.0570633410222177
36047075600,-1.0570633410222177
36047075800,-1.0570633410222177
36047076000,-1.0570633410222177
36047076200,-1.0570633410222177
36047076400,-1.0500795779984131
36047076600,-1.0500795779984131
36047076800,-1.0570633410222177
36047077000,-1.0399119258938265
36047077200,-1.0500795779984131
36047077400,-1.0399119258938265
36047077600,-1.0399119258938265
36047078000,-1.0399119258938265
36047078200,-1.0399119258938265
36047078400,-1.0399119258938265
36047078600,-1.0399119258938265
36047078800,-1.0399119258938265
36047079000,-1.0390738299207765
36047079200,-1.0390738299207765
36047079400,-1.0390738299207765
36047079601,-1.0390738299207765
36047079602,-1.0390738299207765
36047079801,-1.0390738299207765
36047079802,-1.0390738299207765
36047080000,-1.0517429501854363
36047080200,-1.0390738299207765
36047080400,-1.0517429501854363
36047080600,-1.0560892105313806
36047080800,-1.0560892105313806
36047081000,-1.0560892105313806
36047081400,-1.0560892105313806
36047081600,-1.0560892105313806
36047081800,-1.0517429501854363
36047082000,-1.0390738299207765
36047082200,-1.0390738299207765
36047082400,-1.0390738299207765
36047082600,-1.0390738299207765
36047082800,-1.0390738299207765
36047083000,-1.0390738299207765
36047083200,-1.0560892105313806
36047083400,-1.0560892105313806
36047083600,-1.0560892105313806
36047083800,-1.0560892105313806
36047084000,-1.0560892105313806
36047084600,-1.0560892105313806
36047084800,-1.0560892105313806
36047085000,-1.0560892105313806
36047085200,-1.0560892105313806
36047085400,-1.0560892105313806
36047085600,-1.0517429501854363
36047085800,-1.0560892105313806
36047086000,-1.0560892105313806
36047086200,-1.0560892105313806
36047086400,-1.0560892105313806
36047086600,-1.0560892105313806
36047086800,-1.0560892105313806
36047087000,-1.0560892105313806
36047087200,-1.0560892105313806
36047087401,-1.0560892105313806
36047087600,-1.0560892105313806
36047087800,-1.0560892105313806
36047088000,-1.0560892105313806
36047088200,-1.0560892105313806
36047088400,-1.0560892105313806
36047088600,-1.0560892105313806
36047088800,-1.0560892105313806
36047089000,-1.0560892105313806
36047089200,-1.0917712775233641
36047089400,-1.0917712775233641
36047089600,-1.0917712775233641
36047089800,-1.0917712775233641
36047090000,-1.0917712775233641
36047090200,-1.0917712775233641
36047090600,-1.0917712775233641
36047090800,-1.0987958269269547
36047091000,-1.0917712775233641
36047091200,-1.0917712775233641
36047091600,-1.0917712775233641
36047091800,-1.0917712775233641
36047092000,-1.0917712775233641
36047092200,-1.0769905679685505
36047092400,-1.0917712775233641
36047092800,-1.0560892105313806
36047093000,-1.0560892105313806
36047093200,-1.0560892105313806
36047093400,-1.0560892105313806
36047093600,-1.0560892105313806
36047093800,-1.0560892105313806
36047094401,-1.0399119258938265
36047094402,-1.0375225142460158
36047094600,-1.0560892105313806
36047095000,-1.0032205055334933
36047095400,-1.0032205055334933
36047095600,-1.0032205055334933
36047095800,-1.0170627452158192
36047096000,-1.0560892105313806
36047096200,-1.0560892105313806
36047096400,-1.0560892105313806
36047096600,-1.0170627452158192
36047096800,-1.0560892105313806
36047097000,-1.0560892105313806
36047097400,-1.0560892105313806
36047098200,-1.0170627452158192
36047098400,-1.0170627452158192
36047098600,-1.0170627452158192
36047098800,-1.0170627452158192
36047099000,-1.0170627452158192
36047099200,-1.0047117370954743
36047099400,-1.0032205055334933
36047099600,-1.0032205055334933
36047099800,-1.0032205055334933
36047100400,-1.0032205055334933
36047100600,-1.0032205055334933
36047100800,-1.0032205055334933
36047101000,-1.0047117370954743
36047101200,-1.0170627452158192
36047101400,-1.0170627452158192
36047101600,-1.0170627452158192
36047101800,-1.0170627452158192
36047102000,-1.0170627452158192
36047102200,-1.0047117370954743
36047102400,-1.0032205055334933
36047102600,-1.0032205055334933
36047102800,-1.0032205055334933
36047103400,-1.0032205055334933
36047105801,-0.8534690566123587
36047105804,-0.9416887835465861
36047107000,-0.9629648823138972
36047107800,-0.9629648823138972
36047109800,-1.0560892105313806
36047110400,-1.0170627452158192
36047110600,-0.9924115171683203
36047111000,-1.01552555389987
36047111600,-1.0207156752975441
36047111800,-1.0925436046381307
36047112000,-1.0925436046381307
36047112200,-1.0925436046381307
36047112400,-1.0925436046381307
36047112600,-1.0925436046381307
36047112800,-1.0925436046381307
36047113000,-1.0925436046381307
36047113200,-1.0917712775233641
36047113400,-1.0987958269269547
36047114201,-1.1026313377890522
36047114202,-1.1026313377890522
36047114400,-1.1026313377890522
36047114600,-1.1026313377890522
36047115000,-1.1026313377890522
36047115200,-1.1026313377890522
36047115600,-1.0987958269269547
36047115800,-1.1026313377890522
36047116000,-1.1026313377890522
36047116200,-1.1026313377890522
36047116400,-1.1026313377890522
36047116600,-1.1026313377890522
36047116800,-1.1026313377890522
36047117000,-1.1026313377890522
36047117201,-1.1026313377890522
36047117202,-1.1024754035053321
36047117400,-1.1024754035053321
36047117601,-1.1024754035053321
36047117602,-1.1024754035053321
36047117800,-1.1024754035053321
36047118000,-1.1024754035053321
36047118201,-1.1024754035053321
36047118202,-1.0985748321059547
36047118400,-1.0985748321059547
36047118600,-1.0985748321059547
36047118800,-1.0985748321059547
36047119000,-1.0985748321059547
36047119200,-1.1024754035053321
36047119400,-1.0985748321059547
36047119600,-1.0985748321059547
36047119800,-1.1026313377890522
36047120000,-1.0985748321059547
36047120200,-1.0985748321059547
36047120800,-0.9629648823138972
36047121000,-1.0622871890971504
36047121400,-0.9629648823138972
36047122000,-0.9629648823138972
36047123700,-1.114204889116366
36047150200,-1.0390738299207765
36047152200,-1.0390738299207765
36061000100,-1.1944923848481623
36061000201,-1.0194490506970955
36061000202,-1.0194490506970955
36061000500,-1.0942091670350638
36061000600,-0.923161482414705
36061000700,-0.7818177808547189
36061000800,-0.9343391031602674
36061000900,-1.0942091670350638
36061001001,-1.082181455321158
36061001002,-1.012823476958102
36061001200,-1.0194490506970955
36061001300,-0.9021198105643736
36061001401,-1.0194490506970955
36061001402,-1.0194490506970955
36061001501,-1.0194490506970955
36061001502,-0.7818177808547189
36061001600,-1.012823476958102
36061001800,-1.012823476958102
36061002000,-1.012823476958102
36061002100,-0.9021198105643736
36061002201,-1.012823476958102
36061002202,-1.012823476958102
36061002400,-0.979300318875468
36061002500,-1.0194490506970955
36061002601,-1.012823476958102
36061002602,-0.979300318875468
36061002700,-1.0654096560717683
36061002800,-0.7832729614282266
36061002900,-1.0194490506970955
36061003001,-1.012823476958102
36061003002,-1.012823476958102
36061003100,-1.0194490506970955
36061003200,-0.7832729614282266
36061003300,-0.9607691055460262
36061003400,-0.7832729614282266
36061003601,-1.012823476958102
36061003602,-1.012823476958102
36061003700,-0.9607691055460262
36061003800,-0.7832729614282266
36061003900,-0.9021198105643736
36061004000,-0.7832729614282266
36061004100,-1.012823476958102
36061004200,-0.9607691055460262
36061004300,-1.012823476958102
36061004400,-0.1826072226995119
36061004500,-1.0194490506970955
36061004700,-1.0194490506970955
36061004800,-0.7832729614282266
36061004900,-1.012823476958102
36061005000,-0.91872933495674
36061005200,-0.9607691055460262
36061005400,-0.9607691055460262
36061005501,-1.012823476958102
36061005502,-1.012823476958102
36061005600,-0.9607691055460262
36061005700,-1.012823476958102
36061005800,-0.9607691055460262
36061005900,-0.9607691055460262
36061006000,-0.9748147529456413
36061006100,-0.9607691055460262
36061006200,-0.9748147529456413
36061006300,-0.9607691055460262
36061006400,-0.7315977565228584
36061006500,-0.9607691055460262
36061006600,-0.5873828710526332
36061006700,-0.9267784423375492
36061006800,-0.7930887113343864
36061006900,-0.9591565967420546
36061007000,-0.6650531229529829
36061007100,-0.9267784423375492
36061007200,-0.7122127989345556
36061007300,-0.9163175976968709
36061007400,-0.9607691055460262
36061007500,-0.9163175976968709
36061007600,-1.1221150743266324
36061007700,-0.9163175976968709
36061007800,-0.7122127989345556
36061007900,-0.9163175976968709
36061008000,-0.8950169339095658
36061008100,-0.8915391531594506
36061008200,-1.1221150743266324
36061008300,-0.9163175976968709
36061008400,-1.1899213849892418
36061008601,-1.0296930137004623
36061008602,-1.0300987209654406
36061008603,-0.9157147679421416
36061008700,-0.8915391531594506
36061008800,-0.876313146981206
36061008900,-0.8915391531594506
36061009000,-0.876313146981206
36061009100,-0.8915391531594506
36061009200,-1.1221150743266324
36061009300,-0.8915391531594506
36061009400,-1.1899213849892418
36061009500,-1.1167610083145398
36061009600,-1.1899213849892418
36061009700,-1.0395273886676437
36061009800,-0.876313146981206
36061009900,-1.015540507520463
36061010000,-1.1899213849892418
36061010100,-1.1612020870789928
36061010200,-1.1899213849892418
36061010300,-1.1167610083145398
36061010400,-1.1899213849892418
36061010601,-0.876313146981206
36061010602,-0.876313146981206
36061010800,-0.876313146981206
36061010900,-1.1899213849892418
36061011000,-0.876313146981206
36061011100,-1.1167610083145398
36061011201,-1.1899213849892418
36061011202,-1.1899213849892418
36061011203,-1.1899213849892418
36061011300,-1.1899213849892418
36061011401,-1.1899213849892418
36061011402,-1.1899213849892418
36061011500,-1.1167610083145398
36061011600,-0.876313146981206
36061011700,-1.015540507520463
36061011800,-0.7556953549907897
36061011900,-1.1899213849892418
36061012000,-1.0635605139631035
36061012100,-0.7696028779242301
36061012200,-1.0635605139631035
36061012400,-0.4441355511621523
36061012500,-1.0655319074294627
36061012600,-0.40049037092504675
36061012700,-0.7696028779242301
36061012800,-0.9897524910724359
36061012900,-0.7696028779242301
36061013000,-1.0129110370043213
36061013100,-1.0569175710055396
36061013200,-0.40049037092504675
36061013300,-0.7696028779242301
36061013400,-0.40049037092504675
36061013500,-0.7696028779242301
36061013600,-0.3762899410914598
36061013700,-0.8584986556795785
36061013800,-0.40049037092504675
36061013900,-0.7053063454153183
36061014000,-0.9036805554327201
36061014200,-0.9897524910724359
36061014300,-0.9897524910724359
36061014401,-0.7491236676768632
36061014402,-0.7269435939166653
36061014500,-0.9015339851082431
36061014601,-0.8292223386822113
36061014602,-0.7269435939166653
36061014700,-0.9015339851082431
36061014801,-0.9897524910724359
36061014802,-0.9153990811795221
36061014900,-0.8831110133651147
36061015001,-0.9897524910724359
36061015002,-0.9897524910724359
36061015100,-0.6375823705006307
36061015200,-0.7269435939166653
36061015300,-0.6375823705006307
36061015400,-0.3256893187544097
36061015500,-0.6375823705006307
36061015601,-0.8694146242759523
36061015602,-0.9745690424760657
36061015700,-0.6375823705006307
36061015801,-0.9745690424760657
36061015802,-0.9841199384838456
36061015900,-0.6375823705006307
36061016001,-0.9897524910724359
36061016002,-0.9897524910724359
36061016100,-0.6375823705006307
36061016200,-0.9623588085674413
36061016300,-0.6375823705006307
36061016400,-0.9623588085674413
36061016500,-0.6375823705006307
36061016600,-0.9745690424760657
36061016700,-0.6375823705006307
36061016800,-0.9897524910724359
36061016900,-0.6089859476304992
36061017000,-0.9623588085674413
36061017100,-0.6089859476304992
36061017200,-0.9913262593745644
36061017300,-0.6089859476304992
36061017401,-0.9913262593745644
36061017402,-1.000375498427512
36061017500,-0.6089859476304992
36061017700,-0.6089859476304992
36061017800,-1.0067782597928079
36061017900,-0.6089859476304992
36061018000,-0.9892347049154118
36061018100,-0.6089859476304992
36061018200,-1.000375498427512
36061018300,-0.6089859476304992
36061018400,-1.000375498427512
36061018500,-0.8497680891565045
36061018600,-0.9982842068880361
36061018700,-0.6212361919508029
36061018800,-1.0067782597928079
36061018900,-0.6212361919508029
36061019000,-1.000375498427512
36061019100,-0.6212361919508029
36061019200,-1.0067782597928079
36061019300,-0.7021617711697815
36061019400,-1.0067782597928079
36061019500,-0.6212361919508029
36061019600,-1.0067782597928079
36061019701,-0.9982842068880361
36061019702,-0.9982842068880361
36061019800,-1.0067782597928079
36061019900,-0.7114413473024424
36061020000,-1.000375498427512
36061020101,-1.021863031231506
36061020102,-0.9982842068880361
36061020300,-0.9982842068880361
36061020500,-0.8317237880464367
36061020600,-1.0067782597928079
36061020701,-0.9982842068880361
36061020800,-0.9982842068880361
36061020901,-0.9982842068880361
36061021000,-0.9780332683669304
36061021100,-0.7236117252038938
36061021200,-0.9982842068880361
36061021303,-0.9982842068880361
36061021400,-0.9691671223076807
36061021500,-0.9982842068880361
36061021600,-0.9336929609489897
36061021800,-0.9982842068880361
36061021900,-0.9757308042262234
36061022000,-0.9982842068880361
36061022102,-0.9982842068880361
36061022200,-0.9982842068880361
36061022301,-0.8641735380013574
36061022302,-0.9757308042262234
36061022400,-0.9982842068880361
36061022500,-0.6969169037911854
36061022600,-0.9982842068880361
36061022700,-0.9445817151296845
36061022800,-0.9982842068880361
36061022900,-0.8391378906671075
36061023000,-0.9645446264744654
36061023100,-0.9445817151296845
36061023200,-0.9645446264744654
36061023300,-0.8704908640168858
36061023400,-0.9645446264744654
36061023501,-0.9645446264744654
36061023502,-0.9645446264744654
36061023600,-0.9645446264744654
36061023700,-0.8704908640168858
36061023801,-1.0300987209654406
36061023802,-0.7221900869652111
36061023900,-0.9645446264744654
36061024000,-1.0211374980942975
36061024100,-0.7662263468725098
36061024200,-1.0067782597928079
36061024301,-0.9833797379627838
36061024302,-0.9645446264744654
36061024500,-0.7452524421077507
36061024700,-0.7662263468725098
36061024900,-0.9984120422754685
36061025100,-0.9833797379627838
36061025300,-0.7662263468725098
36061025500,-0.7662263468725098
36061025700,-0.9982842068880361
36061025900,-0.9645446264744654
36061026100,-0.7662263468725098
36061026300,-0.7662263468725098
36061026500,-0.7662263468725098
36061026700,-0.9645446264744654
36061026900,-0.7736766416434107
36061027100,-0.7662263468725098
36061027300,-0.7662263468725098
36061027500,-0.7819249320317188
36061027700,-0.8391268435029989
36061027900,-0.7736766416434107
36061028100,-0.7819249320317188
36061028300,-0.7819249320317188
36061028500,-0.7819249320317188
36061028700,-0.7819249320317188
36061029100,-0.7819249320317188
36061029300,-0.7819249320317188
36061029500,-0.7819249320317188
36061029700,-0.9517498977099796
36061029900,-0.9517498977099796
36061030300,-0.9284615140167426
36061030700,-0.935885751114777
36061030900,-0.9517498977099796
36061031100,-0.9645446264744654
36061031703,-0.9021198105643736
36061031704,-0.8865670407233919
36061031900,-1.0942091670350638
36081000100,-1.0300987209654406
36081000200,-1.0985748321059547
36081000400,-1.0985748321059547
36081000600,-1.0985748321059547
36081000700,-1.0300987209654406
36081000800,-1.0985748321059547
36081001000,-1.0985748321059547
36081001200,-1.0985748321059547
36081001400,-1.0985748321059547
36081001600,-1.0985748321059547
36081001800,-1.0985748321059547
36081001900,-1.073244281309527
36081002000,-1.0985748321059547
36081002200,-1.0985748321059547
36081002400,-1.0985748321059547
36081002500,-1.073244281309527
36081002600,-1.0985748321059547
36081002800,-1.0985748321059547
36081003000,-1.0985748321059547
36081003100,-1.078651236789197
36081003200,-1.0985748321059547
36081003300,-1.073244281309527
36081003400,-1.0985748321059547
36081003600,-1.0985748321059547
36081003700,-1.073244281309527
36081003800,-1.0985748321059547
36081003900,-1.073244281309527
36081004001,-1.0985748321059547
36081004002,-1.0985748321059547
36081004200,-1.0985748321059547
36081004300,-1.073244281309527
36081004401,-1.0985748321059547
36081004500,-1.0497984583257791
36081004700,-1.0497984583257791
36081005000,-1.0985748321059547
36081005100,-1.0739314208738626
36081005200,-1.0985748321059547
36081005300,-1.0411210828171054
36081005400,-1.0985748321059547
36081005500,-1.078651236789197
36081005700,-1.0652056240533663
36081005800,-0.99737910838524
36081005900,-1.0411210828171054
36081006100,-1.0211374980942975
36081006201,-0.9239384266667956
36081006202,-0.9629648823138972
36081006300,-1.0211374980942975
36081006501,-1.0211374980942975
36081006502,-1.0211374980942975
36081006900,-1.0211374980942975
36081007100,-1.0211374980942975
36081007300,-1.0211374980942975
36081007500,-1.0211374980942975
36081007700,-1.0411210828171054
36081007900,-1.0211374980942975
36081008100,-1.0497984583257791
36081008300,-1.0211374980942975
36081008500,-1.073244281309527
36081008600,-1.0829874896932685
36081008700,-1.0211374980942975
36081008800,-1.0253624130525407
36081009100,-1.0211374980942975
36081009400,-1.0829874896932685
36081009500,-1.0211374980942975
36081009600,-1.072659258585777
36081009700,-1.0211374980942975
36081009800,-1.0829874896932685
36081009900,-1.0211374980942975
36081010000,-1.072659258585777
36081010100,-1.0211374980942975
36081010200,-1.0724100532491527
36081010300,-1.0211374980942975
36081010400,-1.072659258585777
36081010500,-0.9830748710283919
36081010600,-1.0740686364415997
36081010800,-1.0829874896932685
36081011000,-1.0829874896932685
36081011100,-1.0211374980942975
36081011200,-1.0985748321059547
36081011300,-1.0211374980942975
36081011400,-1.0985748321059547
36081011500,-1.0211374980942975
36081011600,-1.0985748321059547
36081011700,-1.0211374980942975
36081011800,-1.0829874896932685
36081011900,-1.0211374980942975
36081012000,-1.0829874896932685
36081012100,-1.0211374980942975
36081012200,-1.0829874896932685
36081012301,-1.0211374980942975
36081012400,-1.0829874896932685
36081012500,-1.0211374980942975
36081012601,-1.0985748321059547
36081012602,-1.0985748321059547
36081012800,-1.0985748321059547
36081013000,-1.0985748321059547
36081013200,-1.0829874896932685
36081013400,-1.0740686364415997
36081013500,-1.0211374980942975
36081013600,-1.0740686364415997
36081013700,-1.0211374980942975
36081013800,-1.0740686364415997
36081014000,-1.0740686364415997
36081014100,-1.0652056240533663
36081014201,-1.0740686364415997
36081014202,-1.0740686364415997
36081014300,-1.0211374980942975
36081014400,-1.0829874896932685
36081014500,-1.0652056240533663
36081014700,-1.0652056240533663
36081014800,-1.0829874896932685
36081014900,-1.0652056240533663
36081015000,-1.0829874896932685
36081015100,-1.0652056240533663
36081015200,-1.0740686364415997
36081015300,-1.070297994204529
36081015400,-1.0740686364415997
36081015500,-1.0652056240533663
36081015600,-1.0740686364415997
36081015700,-1.073244281309527
36081015801,-1.062453656437494
36081015802,-1.062453656437494
36081015900,-1.073244281309527
36081016100,-1.073244281309527
36081016300,-1.0652056240533663
36081016400,-1.062453656437494
36081016600,-1.062453656437494
36081016800,-1.062453656437494
36081016900,-1.0631648461652565
36081017000,-1.062453656437494
36081017100,-1.073244281309527
36081017200,-1.062453656437494
36081017400,-1.062453656437494
36081017600,-1.062453656437494
36081017800,-1.062453656437494
36081017900,-1.0793502097873398
36081018000,-1.0605080302554226
36081018101,-1.0695341125756994
36081018102,-1.0695341125756994
36081018200,-1.0605080302554226
36081018300,-1.0631648461652565
36081018401,-1.0605080302554226
36081018402,-1.062453656437494
36081018501,-1.0695341125756994
36081018502,-1.0695341125756994
36081018600,-1.062453656437494
36081018700,-1.0695341125756994
36081018800,-1.062453656437494
36081018900,-1.0695341125756994
36081019000,-1.062453656437494
36081019200,-1.062453656437494
36081019400,-1.062453656437494
36081019600,-1.062453656437494
36081019800,-1.062453656437494
36081019900,-1.0793502097873398
36081020200,-1.062453656437494
36081020400,-1.0740686364415997
36081020500,-1.0695341125756994
36081020600,-1.0740686364415997
36081020800,-1.0740686364415997
36081021200,-1.0740686364415997
36081021400,-1.0635364659825852
36081021600,-1.0635364659825852
36081021900,-1.0793502097873398
36081022001,-0.9978262991220899
36081022002,-1.016856036765643
36081022900,-1.0631648461652565
36081023000,-1.0635364659825852
36081023200,-1.0635364659825852
36081023500,-1.0631648461652565
36081023600,-1.0635364659825852
36081023800,-1.0635364659825852
36081024000,-1.0635364659825852
36081024300,-1.052535584325883
36081024500,-1.052535584325883
36081024600,-1.0740686364415997
36081024700,-1.052535584325883
36081024900,-1.052535584325883
36081025100,-1.0631648461652565
36081025301,-1.0631648461652565
36081025302,-1.0631648461652565
36081025400,-1.062453656437494
36081025500,-1.0652056240533663
36081025700,-1.0652056240533663
36081025800,-1.062453656437494
36081025900,-1.0652056240533663
36081026000,-1.062453656437494
36081026100,-1.052535584325883
36081026200,-1.062453656437494
36081026300,-1.052535584325883
36081026400,-1.062453656437494
36081026500,-1.052535584325883
36081026600,-1.062453656437494
36081026700,-1.004334544647035
36081026901,-1.004334544647035
36081026902,-1.004334544647035
36081027000,-1.062453656437494
36081027100,-1.004334544647035
36081027200,-1.062453656437494
36081027300,-1.004334544647035
36081027400,-1.062453656437494
36081027500,-1.004334544647035
36081027600,-1.062453656437494
36081027700,-1.004334544647035
36081027800,-1.062453656437494
36081027900,-1.004334544647035
36081028000,-1.062453656437494
36081028100,-1.004334544647035
36081028200,-1.062453656437494
36081028300,-1.004334544647035
36081028400,-1.062453656437494
36081028500,-1.004334544647035
36081028700,-1.004334544647035
36081028800,-1.062453656437494
36081028900,-1.004334544647035
36081029100,-1.0230195870075594
36081029300,-1.0652056240533663
36081029400,-0.9783025326693788
36081029500,-1.0652056240533663
36081029700,-1.0652056240533663
36081029900,-1.0652056240533663
36081030600,-0.9783025326693788
36081030902,-1.004334544647035
36081030903,-1.004334544647035
36081030904,-1.0147486672224773
36081031700,-1.0147486672224773
36081032000,-0.9783025326693788
36081032700,-1.004334544647035
36081032800,-1.0158570281326373
36081032900,-1.004334544647035
36081033000,-0.9783025326693788
36081033100,-1.0240219039819947
36081033401,-1.062453656437494
36081033402,-0.6935524000478648
36081033700,-1.004334544647035
36081033900,-1.004334544647035
36081034700,-1.0147486672224773
36081035100,-1.004334544647035
36081035200,-1.0158570281326373
36081035300,-1.0147486672224773
36081035700,-1.0240219039819947
36081035800,-1.0158570281326373
36081036100,-1.039957317782434
36081036300,-1.039957317782434
36081036500,-1.039957317782434
36081036600,-1.062453656437494
36081036700,-1.039957317782434
36081036800,-1.062453656437494
36081037100,-1.039957317782434
36081037300,-1.039957317782434
36081037500,-1.039957317782434
36081037600,-1.0158570281326373
36081037700,-1.039957317782434
36081037900,-1.039957317782434
36081038100,-1.039957317782434
36081038302,-1.0240219039819947
36081038400,-1.0158570281326373
36081039400,-1.062453656437494
36081039800,-1.062453656437494
36081039900,-1.039957317782434
36081040000,-1.062453656437494
36081040100,-1.039957317782434
36081040200,-1.062453656437494
36081040300,-1.039957317782434
36081040400,-1.062453656437494
36081040500,-1.039957317782434
36081040700,-1.039957317782434
36081040900,-1.039957317782434
36081041100,-1.039957317782434
36081041300,-1.039957317782434
36081041400,-1.062453656437494
36081041500,-1.039957317782434
36081042400,-1.062453656437494
36081042600,-1.062453656437494
36081042700,-1.0385932887515181
36081043200,-1.062453656437494
36081043400,-1.062453656437494
36081043701,-1.0240219039819947
36081043702,-1.0240219039819947
36081043900,-1.0385932887515181
36081044000,-1.062453656437494
36081044301,-1.0385932887515181
36081044302,-1.0385932887515181
36081044400,-1.062453656437494
36081044601,-1.0635364659825852
36081044602,-1.0635364659825852
36081044800,-1.0635364659825852
36081045000,-1.0635364659825852
36081045200,-1.0635364659825852
36081045400,-1.062453656437494
36081045500,-0.631027702362922
36081045600,-1.062453656437494
36081045700,-1.0385932887515181
36081045800,-1.062453656437494
36081045900,-1.0385932887515181
36081046000,-1.062453656437494
36081046100,-1.039957317782434
36081046200,-1.0486073338498558
36081046300,-1.039957317782434
36081046400,-1.0486073338498558
36081046500,-1.039957317782434
36081046600,-1.0486073338498558
36081046700,-1.004334544647035
36081046800,-1.0486073338498558
36081046900,-1.004334544647035
36081047000,-1.0486073338498558
36081047100,-1.0385932887515181
36081047200,-1.0314847356870083
36081047300,-1.0385932887515181
36081047500,-1.0385932887515181
36081047600,-1.0048255041935732
36081047800,-0.9963415464913855
36081047900,-1.0385932887515181
36081048000,-1.0486073338498558
36081048100,-1.004334544647035
36081048200,-1.0486073338498558
36081048300,-1.052535584325883
36081048400,-0.9963415464913855
36081048500,-1.0385932887515181
36081048900,-1.052535584325883
36081049200,-0.9963415464913855
36081049301,-1.052535584325883
36081049302,-1.052535584325883
36081049500,-1.052535584325883
36081049600,-0.9963415464913855
36081049700,-1.052535584325883
36081049900,-1.0413305727004598
36081050000,-1.0486073338498558
36081050201,-1.062453656437494
36081050202,-1.062453656437494
36081050400,-1.062453656437494
36081050500,-1.0413305727004598
36081050600,-1.062453656437494
36081050700,-1.0413305727004598
36081050800,-1.0576371497844304
36081051000,-1.0569414708630596
36081051100,-1.052535584325883
36081051200,-1.0158570281326373
36081051300,-1.052535584325883
36081051500,-1.052535584325883
36081051600,-1.0158570281326373
36081051700,-1.0631648461652565
36081051800,-1.0576371497844304
36081052000,-1.0576371497844304
36081052100,-1.0631648461652565
36081052200,-1.062453656437494
36081052400,-1.062453656437494
36081052500,-1.0631648461652565
36081052600,-1.062453656437494
36081052800,-1.062453656437494
36081053000,-1.0576371497844304
36081053100,-1.0631648461652565
36081053200,-1.0469717387407416
36081053401,-1.0158570281326373
36081053500,-1.0793502097873398
36081053601,-1.0158570281326373
36081053800,-1.0158570281326373
36081053900,-1.0793502097873398
36081054000,-0.9963415464913855
36081054200,-0.9963415464913855
36081054500,-1.0809895953715316
36081054700,-1.0809895953715316
36081054800,-0.9963415464913855
36081054900,-1.0809895953715316
36081055100,-1.0631648461652565
36081055200,-0.9963415464913855
36081055300,-1.1049283222636057
36081055400,-0.9963415464913855
36081055500,-1.1049283222636057
36081055600,-0.9963415464913855
36081055700,-1.0631648461652565
36081055800,-0.9963415464913855
36081055900,-1.1049283222636057
36081056000,-0.9963415464913855
36081056100,-1.1024754035053321
36081056200,-0.9963415464913855
36081056400,-0.9963415464913855
36081056500,-1.1049283222636057
36081056600,-0.9963415464913855
36081056700,-1.0631648461652565
36081056800,-0.9963415464913855
36081057700,-1.0631648461652565
36081057900,-1.0631648461652565
36081058000,-0.9963415464913855
36081058100,-1.0631648461652565
36081058200,-0.9963415464913855
36081058300,-1.0631648461652565
36081058500,-1.0631648461652565
36081058700,-1.0631648461652565
36081058900,-1.0631648461652565
36081059000,-1.0158570281326373
36081059100,-1.0631648461652565
36081059200,-1.0158570281326373
36081059300,-1.0631648461652565
36081059400,-1.0158570281326373
36081059500,-1.0631648461652565
36081059600,-1.0158570281326373
36081059800,-1.0158570281326373
36081059900,-1.0631648461652565
36081060000,-1.0158570281326373
36081060100,-1.0631648461652565
36081060300,-1.0631648461652565
36081060600,-1.0158570281326373
36081060701,-1.0631648461652565
36081060800,-1.0158570281326373
36081061000,-1.0158570281326373
36081061200,-1.0158570281326373
36081061301,-1.0631648461652565
36081061400,-1.0158570281326373
36081061601,-1.0158570281326373
36081061602,-1.0158570281326373
36081061800,-1.0158570281326373
36081061900,-1.0631648461652565
36081062000,-1.0158570281326373
36081062100,-1.0631648461652565
36081062200,-1.0158570281326373
36081062300,-1.0631648461652565
36081062400,-1.0158570281326373
36081062500,-1.0631648461652565
36081062600,-1.0158570281326373
36081062700,-1.0631648461652565
36081062900,-1.0631648461652565
36081063000,-1.0158570281326373
36081063200,-1.0158570281326373
36081063301,-1.0631648461652565
36081063302,-1.0631648461652565
36081063500,-1.0631648461652565
36081063700,-1.0631648461652565
36081063800,-1.0158570281326373
36081063900,-1.0635364659825852
36081064101,-1.0985748321059547
36081064102,-1.0985748321059547
36081064500,-1.0635364659825852
36081064600,-1.0158570281326373
36081065000,-1.0158570281326373
36081065400,-0.9662516495912521
36081065600,-0.9164238766749093
36081065702,-1.0631648461652565
36081065703,-1.052535584325883
36081065900,-1.052535584325883
36081066000,-0.9164238766749093
36081066100,-1.052535584325883
36081066300,-1.052535584325883
36081066400,-0.7634900891009184
36081066501,-1.052535584325883
36081066701,-1.052535584325883
36081066900,-1.052535584325883
36081067100,-1.0413305727004598
36081067700,-1.052535584325883
36081067900,-1.0413305727004598
36081068000,-0.9783025326693788
36081068200,-1.0265829144658263
36081068300,-1.0385932887515181
36081068700,-1.0385932887515181
36081069000,-0.9662516495912521
36081069300,-1.0385932887515181
36081069400,-0.9662516495912521
36081069500,-1.0385932887515181
36081069701,-1.0240219039819947
36081069702,-1.0385932887515181
36081070300,-1.0631648461652565
36081070700,-1.0631648461652565
36081070900,-1.0631648461652565
36081071100,-1.0240219039819947
36081071303,-1.0240219039819947
36081071304,-1.0240219039819947
36081071305,-1.0240219039819947
36081071306,-1.0240219039819947
36081071600,-0.9789791708373754
36081071701,-1.0240219039819947
36081071702,-1.0240219039819947
36081071900,-1.0240219039819947
36081072100,-1.0240219039819947
36081072300,-1.0631648461652565
36081072900,-1.0635364659825852
36081073100,-1.0635364659825852
36081073700,-1.0320081070138372
36081073900,-1.0240219039819947
36081074100,-1.0240219039819947
36081074300,-1.0240219039819947
36081074500,-1.0240219039819947
36081074700,-1.0240219039819947
36081074900,-1.0635364659825852
36081075701,-1.0240219039819947
36081075702,-1.0240219039819947
36081076901,-1.0320081070138372
36081076902,-1.0635364659825852
36081077300,-1.0635364659825852
36081077500,-1.0740686364415997
36081077902,-1.0057088441504833
36081077903,-1.016856036765643
36081077904,-1.0057088441504833
36081077905,-1.016856036765643
36081077906,-1.0057088441504833
36081077907,-1.0057088441504833
36081077908,-1.0057088441504833
36081078800,-1.026140597108091
36081079000,-1.0605080302554226
36081079200,-1.0253624130525407
36081079300,-1.1304328290373273
36081079701,-1.0025654549188345
36081079702,-1.0025654549188345
36081079900,-1.0025654549188345
36081080301,-1.0025654549188345
36081080302,-1.0025654549188345
36081080900,-1.0025654549188345
36081081400,-1.0253624130525407
36081081800,-1.0253624130525407
36081083700,-1.0025654549188345
36081083800,-1.0253624130525407
36081084000,-1.0253624130525407
36081084500,-1.0025654549188345
36081084601,-1.0253624130525407
36081084602,-1.0253624130525407
36081084900,-1.0025654549188345
36081085300,-1.0025654549188345
36081085500,-1.0025654549188345
36081085700,-1.0025654549188345
36081085900,-1.0025654549188345
36081086100,-1.0139809580806916
36081086300,-1.0025654549188345
36081086400,-1.037687801468676
36081086500,-1.0025654549188345
36081086900,-1.0025654549188345
36081087100,-1.0025654549188345
36081088400,-0.9239384266667956
36081088901,-0.9214118977621688
36081089200,-0.9239384266667956
36081090700,-0.981714196195713
36081091601,-0.9239384266667956
36081091602,-1.003826954920155
36081091800,-1.003826954920155
36081091900,-0.9224302467391917
36081092200,-0.9547192566477727
36081092500,-0.9224302467391917
36081092800,-0.9239384266667956
36081092900,-0.9224302467391917
36081093401,-0.9239384266667956
36081093402,-0.9239384266667956
36081093800,-0.9239384266667956
36081093900,-0.9224302467391917
36081094201,-0.9239384266667956
36081094202,-0.9223496969984608
36081094203,-0.9223496969984608
36081094500,-0.9224302467391917
36081094700,-0.9224302467391917
36081095400,-0.9223496969984608
36081096400,-0.9223496969984608
36081097202,-0.9223496969984608
36081097203,-0.8905584769122536
36081097204,-0.9223496969984608
36081097300,-0.9224302467391917
36081098100,-0.9214118977621688
36081098700,-0.9214118977621688
36081099100,-0.9214118977621688
36081099200,-0.8905584769122536
36081099701,-0.9324233870248546
36081099703,-0.9324233870248546
36081099704,-0.9324233870248546
36081099705,-0.9324233870248546
36081099801,-0.8240025196958595
36081099802,-0.8840581371644014
36081099900,-1.0694896287225613
36081100801,-0.8905584769122536
36081100802,-0.8240025196958595
36081101001,-0.8240025196958595
36081101002,-0.8240025196958595
36081101700,-0.9214118977621688
36081102900,-0.9214118977621688
36081103201,-0.8240025196958595
36081103202,-0.8240025196958595
36081103300,-0.9214118977621688
36081103900,-0.9214118977621688
36081104700,-0.9214118977621688
36081105900,-0.9758537885912192
36081107201,-0.9239384266667956
36081107202,-0.9239384266667956
36081108500,-0.9758537885912192
36081109300,-0.9441041098805109
36081109700,-0.9922851794606831
36081109900,-0.9922851794606831
36081111300,-0.9696121221859054
36081112300,-0.9922851794606831
36081112900,-0.9922851794606831
36081113300,-0.9922851794606831
36081113900,-0.9922851794606831
36081114100,-0.9758537885912192
36081114700,-0.9963415464913855
36081115100,-0.9963415464913855
36081115500,-0.9963415464913855
36081115700,-0.994869047070371
36081115900,-0.994869047070371
36081116100,-0.994869047070371
36081116300,-0.994869047070371
36081116700,-1.0139809580806916
36081117100,-0.9963415464913855
36081117500,-0.9963415464913855
36081118100,-0.9963415464913855
36081118500,-1.0139809580806916
36081118700,-1.0139809580806916
36081118900,-1.0139809580806916
36081119100,-1.0139809580806916
36081119300,-1.0139809580806916
36081119500,-1.0139809580806916
36081119900,-1.0139809580806916
36081120100,-1.0139809580806916
36081120300,-1.0139809580806916
36081120500,-1.0139809580806916
36081120700,-1.0139809580806916
36081121100,-1.0139809580806916
36081121500,-0.9963415464913855
36081122300,-0.9963415464913855
36081122701,-0.78043226927434906
36081122702,-1.0025654549188345
36081124100,-1.0048255041935732
36081124700,-1.0048255041935732
36081125700,-1.0057088441504833
36081126500,-1.016856036765643
36081126700,-1.016856036765643
36081127700,-1.0048255041935732
36081128300,-0.9963415464913855
36081129102,-0.9696121221859054
36081129103,-0.9696121221859054
36081129104,-0.9696121221859054
36081130100,-0.9696121221859054
36081133300,-0.9963415464913855
36081133900,-1.0048255041935732
36081134100,-0.9963415464913855
36081134700,-0.9109527185130633
36081136700,-0.9696121221859054
36081137700,-0.9696121221859054
36081138501,-0.9696121221859054
36081138502,-0.9696121221859054
36081139900,-0.9852122205972416
36081140300,-0.9922851794606831
36081140901,-0.9963415464913855
36081140902,-0.9963415464913855
36081141700,-0.9963415464913855
36081142900,-0.9963415464913855
36081143500,-0.9922851794606831
36081144100,-0.9852122205972416
36081144700,-0.9922851794606831
36081145101,-0.9963415464913855
36081145102,-0.9922851794606831
36081145900,-0.9963415464913855
36081146300,-0.9922851794606831
36081146700,-0.9922851794606831
36081147100,-0.9696121221859054
36081147900,-0.9233429504510017
36081148300,-0.9441041098805109
36081150701,-0.9042634578658254
36081150702,-0.9042634578658254
36081152901,-0.896229214052902
36081152902,-0.896229214052902
36081155101,-0.8992607898866359
36081155102,-0.8676246807056118
36081156700,-0.9696121221859054
36081157101,-0.8676246807056118
36081157102,-0.9696121221859054
36081157901,-0.8676246807056118
36081157902,-0.8676246807056118
36081157903,-0.8676246807056118
36081161700,-0.8833542584823129
36081162100,-0.9696121221859054
36081990100,-0.9239384266667956
36085000300,-0.9142864976679408
36085000600,-0.9732035083768183
36085000700,-0.8356262118707608
36085000800,-0.8518716911561229
36085000900,-0.8766560055080653
36085001100,-0.8766560055080653
36085001700,-0.9030545298970065
36085001800,-0.9732035083768183
36085002001,-0.8518716911561229
36085002002,-0.8518716911561229
36085002100,-0.9142864976679408
36085002700,-0.9300587429770619
36085002900,-0.8144419911727396
36085003300,-0.8144419911727396
36085003600,-0.8518716911561229
36085003900,-0.8144419911727396
36085004000,-0.5566315595336093
36085004700,-0.8144419911727396
36085005000,-0.8518716911561229
36085005900,-0.8144419911727396
36085006400,-0.8518716911561229
36085006700,-0.8144419911727396
36085007000,-0.752355291189225
36085007400,-0.8518716911561229
36085007500,-0.8553563839497893
36085007700,-0.8766560055080653
36085008100,-0.8356262118707608
36085009601,-0.8192644613167608
36085009602,-0.752355291189225
36085009700,-0.8144419911727396
36085010500,-0.8144419911727396
36085011201,-0.752355291189225
36085011202,-0.752355291189225
36085011401,-0.752355291189225
36085011402,-0.752355291189225
36085012100,-0.8144419911727396
36085012200,-0.752355291189225
36085012500,-0.8144419911727396
36085012804,-0.752355291189225
36085012805,-0.7899697721270529
36085012806,-0.752355291189225
36085013201,-0.7899697721270529
36085013203,-0.7144063142194061
36085013204,-0.752355291189225
36085013301,-0.9083507955725332
36085013302,-0.8144419911727396
36085013400,-0.752355291189225
36085013800,-0.7322909735664237
36085014100,-0.8144419911727396
36085014604,-0.7144063142194061
36085014605,-0.7144063142194061
36085014606,-0.7144063142194061
36085014607,-0.7276028747050968
36085014608,-0.7276028747050968
36085014700,-0.8144419911727396
36085015100,-0.7916089521932747
36085015400,-0.8866024830941821
36085015601,-0.7144063142194061
36085015602,-0.7144063142194061
36085015603,-0.7144063142194061
36085016901,-0.8144419911727396
36085017005,-0.6953873865102963
36085017007,-0.6852138095012065
36085017008,-0.6138807737468167
36085017009,-0.6417237450509733
36085017010,-0.6131674907856415
36085017011,-0.7144063142194061
36085017012,-0.7144063142194061
36085017300,-0.7556537191946863
36085017600,-0.6953873865102963
36085017700,-0.752355291189225
36085018100,-0.752355291189225
36085018701,-0.7916089521932747
36085018702,-0.7322909735664237
36085018901,-0.7322909735664237
36085018902,-0.7322909735664237
36085019700,-0.7916089521932747
36085019800,-0.6417237450509733
36085020100,-0.7916089521932747
36085020700,-0.7835948325380807
36085020801,-0.6131674907856415
36085020803,-0.6417237450509733
36085020804,-0.6417237450509733
36085021300,-0.7835948325380807
36085022300,-0.7835948325380807
36085022600,-0.6417237450509733
36085022800,-0.7322909735664237
36085023100,-0.7835948325380807
36085023900,-0.7835948325380807
36085024401,-0.6417237450509733
36085024402,-0.6490960604135303
36085024700,-0.7835948325380807
36085024800,-0.6417237450509733
36085025100,-0.7322909735664237
36085027301,-0.7322909735664237
36085027302,-0.7322909735664237
36085027702,-0.7322909735664237
36085027704,-0.7322909735664237
36085027705,-0.7322909735664237
36085027706,-0.7322909735664237
36085027900,-0.7322909735664237
36085029102,-0.7590122764993009
36085029103,-0.7322909735664237
36085029104,-0.7322909735664237
36085030301,-0.7590122764993009
36085030302,-0.7590122764993009
36085031901,-0.7835948325380807
36085031902,-0.7835948325380807
36085032300,-0.7835948325380807
