i,fe_i_ridge_optimal
36005000100,-.50905621
36005000200,.47698867
36005000400,.7260372
36005001600,.56992036
36005001900,-.52865916
36005002000,.45690265
36005002300,-.55732816
36005002400,-1.1794155
36005002500,-.52921486
36005002701,-.70162737
36005002702,-.46777675
36005002800,-.012910057
36005003100,-.64143032
36005003300,-.62178892
36005003500,-.67338318
36005003700,-1.3817117
36005003800,-.36762321
36005003900,-.43885958
36005004001,-.28744739
36005004100,-.4379223
36005004200,.3922314
36005004300,-.58665943
36005004400,-.17943765
36005004600,-.54198647
36005004800,-.055377487
36005005001,.14770599
36005005002,.22384231
36005005100,-.31571043
36005005200,-.055203665
36005005300,.022782756
36005005400,.23863494
36005005600,-.16719985
36005005902,-.43177482
36005006000,-.57276911
36005006100,-.32749298
36005006200,.065455034
36005006300,-.069302842
36005006400,.056901272
36005006500,-.4409551
36005006700,-.25176039
36005006800,.0081309266
36005006900,-.1556486
36005007000,.13443634
36005007100,-.68258899
36005007200,.19691023
36005007300,-.73014903
36005007400,.40776679
36005007500,-.42351875
36005007600,.19168261
36005007700,-.89231241
36005007800,.38204217
36005007900,-.41836131
36005008300,-.12028005
36005008400,.28181142
36005008500,.070060425
36005008600,.59786892
36005008700,-.19650027
36005008900,-.13314368
36005009000,.17386658
36005009200,.39649892
36005009300,.097291842
36005009600,.11107092
36005009800,.47426769
36005011000,-2.3931813
36005011502,-.1783306
36005011700,-.034390818
36005011800,.6867485
36005011900,-.25507221
36005012101,-.71799314
36005012102,-1.0289366
36005012300,-.22951649
36005012500,-.51103812
36005012701,-.80328357
36005012901,-.56665212
36005013000,-.085787699
36005013100,-.36950979
36005013200,.4028303
36005013300,-.2121418
36005013500,-.28526825
36005013800,.37215492
36005014100,-.57888675
36005014300,-1.0549494
36005014400,.17344749
36005014500,-.061206821
36005014701,.14092459
36005014702,-.10317427
36005014900,-.17729041
36005015100,-.16081536
36005015200,-.21369031
36005015300,-.31438321
36005015500,-.40635887
36005015700,-.090839833
36005015800,-.002981757
36005015900,-.42104781
36005016000,.32882059
36005016100,-.60399711
36005016200,-.14095703
36005016300,-.88699168
36005016400,-.17271453
36005016500,-.83500314
36005016600,-.37627053
36005016700,-.82576734
36005016900,-.62346488
36005017100,-1.6611111
36005017300,-.4018093
36005017500,-.21090114
36005017701,-.35750553
36005017702,-.34367251
36005017901,-.22415359
36005017902,-.39532176
36005018101,-.58350736
36005018102,-.21671899
36005018301,-.30347112
36005018302,-.45157579
36005018400,.2670491
36005018500,-.19750986
36005018900,.13684541
36005019300,-.00020297401
36005019400,-.43752763
36005019500,.15964095
36005019700,.038311284
36005019900,.32837796
36005020000,.042960659
36005020100,.11977733
36005020200,-.13768354
36005020400,.12488148
36005020501,-.030713387
36005020502,.023321055
36005020601,-.095955685
36005020900,-.32344624
36005021001,.42221013
36005021002,.83941847
36005021100,-.04557224
36005021200,.35903341
36005021301,-.54440069
36005021302,-.10329427
36005021501,-.046263203
36005021502,.13476492
36005021601,.12557359
36005021602,.34544352
36005021700,-.15169734
36005021800,.090505444
36005021900,-.52015245
36005022000,-1.0284263
36005022101,-.51265115
36005022102,-.15436848
36005022200,.26112628
36005022300,-.254159
36005022401,-.44218704
36005022403,-.11807919
36005022404,.052074637
36005022500,-.21013102
36005022701,-.010064654
36005022702,-.23733719
36005022703,-.38889125
36005022800,.44640326
36005022901,-.13064913
36005022902,-.40951991
36005023000,-.5202806
36005023100,-.6396637
36005023200,-.54427409
36005023301,-.18525429
36005023302,-.37938988
36005023501,-.36620778
36005023502,-.36041188
36005023600,-.72894681
36005023702,-1.1048559
36005023703,-.29720366
36005023704,-.21638213
36005023800,-.17227359
36005023900,.14721532
36005024000,-.25496265
36005024100,.046843678
36005024300,.035785496
36005024400,-.45004636
36005024501,-.28526539
36005024502,-.43745595
36005024600,-.44283688
36005024700,-.73532224
36005024800,-.22631299
36005024900,-1.4513797
36005025000,-.47974235
36005025100,-.0040553543
36005025200,-.38686886
36005025300,.089301132
36005025400,-.49272415
36005025500,-.24852815
36005025600,-.27241278
36005025700,-.77829045
36005026100,-.49755412
36005026300,-.086791627
36005026400,.12033121
36005026500,.021652615
36005026601,-.093725592
36005026602,.15292409
36005026701,-.15834565
36005026702,.30951312
36005026900,-.19711994
36005027300,.18786378
36005027401,.30122131
36005027402,.07090953
36005027600,-.36086565
36005027700,.099349573
36005027900,.085477449
36005028100,-.13772509
36005028300,-.30390528
36005028400,-.29943642
36005028500,-.3073976
36005028600,-.5493086
36005028700,-.23520648
36005028800,-.27018645
36005028900,.0016856284
36005029301,-.58376962
36005029302,.13781163
36005029500,.30743733
36005029600,-.35976025
36005029700,.29150581
36005030000,.21867067
36005030100,-.35532895
36005030200,.77284998
36005030701,.50425357
36005030900,-.030196061
36005031000,.14628021
36005031200,-.39800254
36005031400,-.47409058
36005031600,-.57534254
36005031800,-.53599596
36005031900,-1.4581404
36005032300,.49706605
36005032400,-.21757171
36005032600,-.28277943
36005032800,-.075885184
36005033000,.051369131
36005033201,-.40745428
36005033202,-.14256027
36005033400,-.074866802
36005033500,.16077855
36005033600,-.015476612
36005033700,.063006572
36005033800,-.042700212
36005034000,.011667057
36005034200,-.41598958
36005034300,-.40617213
36005034400,-.3321712
36005034500,.043267645
36005034800,.11483543
36005035000,-.25580856
36005035100,-.085348085
36005035600,.14466397
36005035800,.48019442
36005035900,-.68486685
36005036000,-.13177933
36005036100,-.44996282
36005036300,-.16568169
36005036400,-.13356902
36005036501,-.39229271
36005036502,-.55440909
36005036700,-.89417762
36005036800,-.34378585
36005036901,-.61640447
36005036902,-.85597306
36005037000,-.23824738
36005037100,-.078203961
36005037200,-.39312351
36005037300,.070600674
36005037400,-.2709243
36005037504,-.08950635
36005037600,-.75883907
36005037800,-.72748947
36005037900,-.30045199
36005038000,-.2547515
36005038100,-.20934786
36005038200,-.18618946
36005038301,-.38605505
36005038302,-.19643301
36005038500,-.28374824
36005038600,.39897791
36005038700,-.40704849
36005038800,-.16706011
36005038900,-.1130989
36005039000,-.34197277
36005039100,.16302358
36005039200,-.78659099
36005039300,.016949059
36005039400,-.14567952
36005039500,-.37608892
36005039600,-.13743705
36005039700,-.26623943
36005039800,-.022911249
36005039901,-.40628392
36005039902,-.44952491
36005040100,-.30051196
36005040302,-.34822506
36005040303,-.19926347
36005040304,-.32113305
36005040400,.14802897
36005040501,-.36698088
36005040502,-.035363186
36005040600,.015602288
36005040701,-.3202363
36005040702,-.13082677
36005040800,-.12513894
36005040900,-.010649983
36005041100,-.32753336
36005041300,.099654935
36005041400,.29464108
36005041500,.071569659
36005041800,-.099812679
36005041900,.15535839
36005042000,-.14326836
36005042100,-.093654647
36005042200,-.031413153
36005042300,-.037562553
36005042400,.094648287
36005042500,-.08748401
36005042600,.56257355
36005042800,.087982982
36005042901,-.56883943
36005042902,-.21010551
36005043000,.077952951
36005043100,-.0800336
36005043400,.14814009
36005043500,.70080942
36005043600,-.16414435
36005044200,.19080909
36005044400,.25588468
36005044800,.040620022
36005044901,-.58651912
36005044902,-.69780529
36005045101,-.68963403
36005045102,-.53081077
36005045600,.52280271
36005045800,.51813042
36005046000,.14872155
36005046201,1.2504984
36005046202,.63035578
36005048400,.27537817
36005050400,-.24415796
36005051600,.86288083
36047000100,-.41301945
36047000200,-1.2400578
36047000301,-.48444191
36047000501,-.63701051
36047000502,-.92738897
36047000700,-.86860251
36047000900,-.84282792
36047001100,-2.102978
36047001300,-1.0229688
36047001500,-1.130553
36047001800,-.72204465
36047002000,-1.0579302
36047002100,-.56008089
36047002200,-.60964519
36047002300,-.90389776
36047002901,-1.1234192
36047003000,-.55971485
36047003100,-.9635306
36047003300,-.98810154
36047003400,-.23360679
36047003500,-1.1580936
36047003600,-.026953895
36047003700,-1.7630471
36047003800,-.17786279
36047003900,-1.0016404
36047004100,-.80626082
36047004300,-.77522635
36047004400,-.04341808
36047004500,-.51884872
36047004600,-.40876555
36047004700,-.99836248
36047004900,-.69859844
36047005000,-.094287291
36047005100,-.67050642
36047005201,-.45810157
36047005202,-.045131352
36047005300,-.72492087
36047005400,-.017166601
36047005601,.020369569
36047005602,-.40176824
36047005800,-.16855922
36047005900,-.83803713
36047006000,-.35245302
36047006200,-.31735834
36047006300,-.72479838
36047006400,-.18331155
36047006500,-.20752159
36047006600,-.065600716
36047006700,-.43074444
36047006800,-.20496535
36047006900,-.51456195
36047007000,-.60765934
36047007100,-.59953821
36047007200,-.94468284
36047007400,-.43734106
36047007500,-.31375527
36047007600,-.4456965
36047007700,-.3747988
36047007800,-.41230789
36047008000,-.80842602
36047008200,-.74827337
36047008400,-1.0385934
36047008500,-.040216655
36047008600,-1.6553271
36047008800,-.85190427
36047009000,-1.0065109
36047009200,-.51559305
36047009400,-.30253235
36047009600,-.40019545
36047009800,-.21137308
36047010000,-.19777565
36047010100,-.76798469
36047010200,-.40738207
36047010400,-.33022398
36047010600,-.16413857
36047010800,-.11891741
36047011000,-.95785207
36047011200,-.346553
36047011400,-.3273733
36047011600,-.50349617
36047011700,-.7800684
36047011800,-.86960489
36047011900,-.59447539
36047012000,-.99341702
36047012100,-.8832016
36047012200,-.60719603
36047012600,-.51869893
36047012700,-.66628075
36047012801,-.54072332
36047012901,-.88954908
36047012902,-.86433887
36047013000,-.017890442
36047013100,-.43733251
36047013200,-.3575007
36047013300,-.29122347
36047013400,-.1109418
36047013500,-.28730842
36047013600,-.074465662
36047013700,-.45627213
36047013800,-.1893855
36047013900,-.39284834
36047014000,-.41711858
36047014100,-.34067675
36047014200,-.11733491
36047014300,-.50653374
36047014500,-.57600814
36047014700,-.64312929
36047014800,-.79127181
36047014900,-.13016447
36047015000,-.71302527
36047015100,-.25359154
36047015200,-.3542363
36047015300,-.35516131
36047015400,-1.3676944
36047015500,-.28835908
36047015700,-.14295156
36047015900,-.42033079
36047016000,-.21956192
36047016100,-.60105258
36047016200,-.31223664
36047016300,-.4811348
36047016400,-.9037919
36047016500,-.25883994
36047016600,-.4949604
36047016700,-.29343194
36047016800,-.57779598
36047016900,-.28870952
36047017000,-.32035947
36047017100,-.37131321
36047017200,-.14868215
36047017400,-.34011835
36047017500,-1.1090071
36047017600,-.31648767
36047017700,-.29083756
36047017800,-.35802177
36047017900,-.6807797
36047018000,-.29255742
36047018100,-.60865259
36047018200,-.29112884
36047018300,-.66869694
36047018400,-.39575824
36047018501,-.83229631
36047018600,-.50583458
36047018700,-1.0285105
36047018800,-.35374403
36047019000,-.24263814
36047019100,-.80595338
36047019200,-.81908685
36047019300,-.40457493
36047019400,-.40210813
36047019500,-.45604873
36047019600,-.21197642
36047019700,-.52855253
36047019800,-.47593528
36047019900,-.63707429
36047020000,-.35280794
36047020100,-.50973827
36047020200,-.34934202
36047020300,-.70705891
36047020400,-.3386758
36047020500,-.39297622
36047020600,-.27071449
36047020700,-.29664317
36047020800,-.28952363
36047021000,-.31449798
36047021100,-1.0843304
36047021200,-.53920007
36047021300,-.48265126
36047021400,-.99807698
36047021500,-.20179461
36047021600,-.76919907
36047021700,-.3011927
36047021800,-.64151388
36047021900,-.37008432
36047022000,-.55134255
36047022100,-.49363732
36047022200,-.47965112
36047022400,-.43701681
36047022600,-.94487149
36047022700,-.64665067
36047022800,-.73874128
36047022900,-.56677204
36047023000,-.49072573
36047023100,-.56202239
36047023200,-.33579054
36047023300,-.46723819
36047023400,-.43061131
36047023500,-.64793473
36047023600,-.4264968
36047023800,-.59194034
36047024000,-.65517187
36047024100,-.80475748
36047024200,-.78248996
36047024300,-.56814659
36047024400,-.60310131
36047024500,-.57261378
36047024600,-.61400551
36047024700,-.68845654
36047024800,-.61408371
36047024900,-.57596713
36047025000,-.74722815
36047025100,-.70000094
36047025200,-.23191412
36047025300,-.871984
36047025400,-.36651069
36047025500,-.75796783
36047025600,-.27238342
36047025700,-1.0858728
36047025800,.035308357
36047025901,-1.0252826
36047025902,-1.0299987
36047026000,-.14098793
36047026100,-.62274778
36047026200,-.46254212
36047026300,-.93614858
36047026400,-.11257733
36047026500,-.554012
36047026600,-.037059091
36047026700,-.48761895
36047026800,.13177127
36047026900,-.7673201
36047027000,-.16745642
36047027100,-.70864135
36047027200,-.11074728
36047027300,-.66753101
36047027400,-.10210233
36047027500,-.48248106
36047027600,-.16581099
36047027700,-.43984935
36047027800,-.23382844
36047027900,-.49713287
36047028000,-.34929851
36047028100,-.59206647
36047028200,.035431959
36047028300,-.73248565
36047028400,-.060747281
36047028501,-1.6916535
36047028502,-1.0065242
36047028600,.27381319
36047028700,-.71290553
36047028800,-.10244484
36047028900,-.53409415
36047029000,.04560484
36047029100,-.48998779
36047029200,-.032524966
36047029300,-.47070011
36047029400,-.13954012
36047029500,-.45900813
36047029600,.16565336
36047029700,-.55834812
36047029800,-.0099288719
36047029900,-.70859015
36047030000,.041109391
36047030100,-.59200299
36047030200,.17012721
36047030300,-.38276255
36047030400,.43284428
36047030500,-.32310715
36047030600,-.17291732
36047030700,-.50690925
36047030800,-.13221873
36047030900,-.90124083
36047031100,-.74638242
36047031300,-.44822058
36047031400,.49694771
36047031500,-.39612374
36047031701,-.48239431
36047031702,-.536623
36047031900,-.4947702
36047032100,-.30325884
36047032300,-.34164745
36047032500,-.18408316
36047032600,.36287227
36047032700,-.52700055
36047032800,.539002
36047032900,-.28492707
36047033000,.8041333
36047033100,-.33545548
36047033300,-.37194979
36047033500,-.67390054
36047033600,.73887718
36047033700,-.577178
36047033900,-.48968661
36047034000,-.0050997105
36047034100,-.575661
36047034200,.67848712
36047034300,-.44034418
36047034500,-.62736493
36047034700,-.60934544
36047034800,-.05809319
36047034900,-.3920154
36047035000,.015910381
36047035100,-.52620018
36047035200,-.050671548
36047035300,-.42923358
36047035400,.050653365
36047035500,-.34061432
36047035601,-.040935911
36047035602,.034768295
36047035700,-.49284226
36047035900,-.28102079
36047036001,-.23821345
36047036002,-.21121743
36047036100,-.66186625
36047036200,-.14213131
36047036300,-.44994572
36047036400,-.33304307
36047036501,-.68406886
36047036502,-1.1461614
36047036600,-.03473147
36047036700,-1.2391826
36047036900,-.74177611
36047037000,.017831828
36047037100,-.42453444
36047037300,-.50290567
36047037401,.14142361
36047037402,.10481096
36047037500,-.56067479
36047037700,-.41077241
36047037900,-.53556597
36047038100,-.48039848
36047038200,.058344271
36047038300,-.42363885
36047038500,-.51695025
36047038600,-.17900613
36047038700,-.57618594
36047038800,-.25123993
36047038900,-.9288404
36047039000,-.43363568
36047039100,-.8683399
36047039200,-.43038881
36047039300,-.63723665
36047039400,-.61345142
36047039500,-.52586436
36047039600,-.85078037
36047039700,-.52637613
36047039800,-.54687965
36047039900,-.43892592
36047040000,-.52135193
36047040100,-.54841053
36047040200,-.2522729
36047040300,-.81042993
36047040400,-.32418996
36047040500,-1.3775663
36047040600,-.20337996
36047040700,-1.8594449
36047040800,-.2793335
36047040900,-.91019648
36047041000,-.6977421
36047041100,-.76313895
36047041200,-.58938694
36047041300,-.46326312
36047041401,-1.1087116
36047041402,-.98546225
36047041500,-.29624227
36047041600,-.64962184
36047041700,-.51525712
36047041800,-.74515194
36047041900,-.45198801
36047042000,-.72180039
36047042100,-.48804569
36047042200,-.68030673
36047042300,-.61903149
36047042400,-.34970534
36047042500,-.70245028
36047042600,-.2085156
36047042700,-.55787247
36047042800,-.14592424
36047042900,-.52047914
36047043000,-.16433012
36047043100,-.48697937
36047043200,-.22961116
36047043300,-.56886059
36047043400,-.23164991
36047043500,-.35147929
36047043600,-.33150724
36047043700,-.44250688
36047043800,-.60470045
36047043900,-.51813549
36047044000,-.66496801
36047044100,-.4731383
36047044200,-.63292176
36047044300,-.45055425
36047044400,-.65381962
36047044500,-.5310275
36047044600,-.72409064
36047044700,-.75246495
36047044800,-.97606581
36047044900,-.80554146
36047045000,-1.1802813
36047045200,-.78650832
36047045300,-.76073658
36047045400,-.70887512
36047045600,-.72015101
36047045800,-.942895
36047046000,-.46848488
36047046201,-.71188015
36047046202,-1.1088145
36047046400,-.9035179
36047046800,-1.085812
36047047000,-.70740938
36047047200,-.74886841
36047047400,-.71547925
36047047600,-.62011236
36047047700,-.33947548
36047047800,-.47667706
36047048000,-.50020474
36047048100,-.61278248
36047048200,-.14015529
36047048400,-.18038972
36047048500,-.63510376
36047048600,-.52066135
36047048800,-.20310092
36047048900,-.68259144
36047049000,.011951804
36047049100,-.65044445
36047049200,-.21591903
36047049300,-.20134145
36047049400,-.057723779
36047049500,-.65271795
36047049600,-.38638359
36047049700,-.62049007
36047049800,-.46493864
36047049900,-.75844651
36047050000,-.42672434
36047050100,-.70002085
36047050202,-.60890472
36047050300,-.68559742
36047050400,-.3800213
36047050500,-.42567876
36047050600,-.35666522
36047050700,-1.2438042
36047050801,-.50627279
36047050803,-.76257581
36047050804,-.34874567
36047050900,-.97880769
36047051001,-.33565104
36047051002,-.27140796
36047051100,-.56773388
36047051200,.021939792
36047051300,-.47929934
36047051400,.013430974
36047051500,-.95284551
36047051601,-.082776062
36047051602,-.17072116
36047051700,-1.0090562
36047051800,-.19716494
36047051900,-.58792955
36047052000,-.26550516
36047052300,-.35707065
36047052500,-.74198252
36047052600,-.20873092
36047052700,-.41005453
36047052800,-.79158962
36047052900,-.90172076
36047053000,-.59884763
36047053100,-.82893831
36047053200,-.59761775
36047053300,-.85005289
36047053400,-.4289861
36047053500,-.91714454
36047053700,-1.0576906
36047053800,-.22688507
36047053900,-1.0687488
36047054200,-.3538402
36047054300,-.98329335
36047054400,-.24757114
36047054500,-.47844523
36047054600,-.19347124
36047054700,-.81557804
36047054800,-.55233955
36047054900,-.54412204
36047055000,-.37270507
36047055100,-.31483656
36047055200,-.32890832
36047055300,-.74936813
36047055400,-.41880184
36047055500,-.75040019
36047055600,-.4178448
36047055700,-.79590458
36047055800,-.44055396
36047056000,-.31830937
36047056100,-.32776403
36047056200,-.57135499
36047056300,-.25854522
36047056400,-.36852875
36047056500,-.42344719
36047056600,-.066809088
36047056800,-.37615579
36047056900,-.92610991
36047057000,.24435541
36047057100,-.47896177
36047057200,.59892857
36047057300,-.66464037
36047057400,-.10962519
36047057500,-.43773195
36047057600,-.12099171
36047057800,-.28466102
36047057900,-1.0116854
36047058000,-.43047863
36047058200,-.50510979
36047058400,-.32959893
36047058600,-.51108444
36047058800,-.20589
36047058900,-.65519035
36047059000,-.50809973
36047059100,-.29529709
36047059200,-.11984311
36047059300,-.52760929
36047059401,.46822372
36047059402,.4142696
36047059600,.2056158
36047059800,.20284411
36047060000,.21160103
36047060600,-.24187568
36047060800,-.044352915
36047061002,-.10441444
36047061003,-.46638691
36047061004,-.015926016
36047061200,-.60530698
36047061600,-.25884804
36047062000,-.15808691
36047062200,.070879802
36047062600,.37001562
36047062800,.52638543
36047063200,-.32635522
36047063600,-.39620653
36047063800,-.54948682
36047064000,-.26337913
36047064200,-.44211081
36047064400,-.19709358
36047064600,-.084188096
36047064800,-.22518134
36047065000,-.25815874
36047065200,-.27613533
36047065400,-.19694911
36047065600,-.080259934
36047065800,-.15355396
36047066000,-.32359201
36047066200,-.4003197
36047066600,-.089297049
36047067000,.0076450044
36047067200,-.23580985
36047067400,-.15933295
36047067600,-.13094434
36047067800,.25921702
36047068000,.0062758401
36047068200,.084265128
36047068600,.0017159376
36047068800,.12114839
36047069000,.21516788
36047069200,.37130868
36047069601,.63141286
36047069602,.76795262
36047069800,-.061507247
36047070000,.28887087
36047070201,1.2097166
36047070202,-.61541593
36047070203,-.26040608
36047070600,1.1566644
36047072000,.35169521
36047072200,.32426414
36047072400,-.065151393
36047072600,-.050392866
36047072800,.35677215
36047073000,.087689683
36047073200,.04047754
36047073400,-.17690852
36047073600,.040712696
36047073800,-.064516507
36047074000,-.06467253
36047074200,-.16967365
36047074400,-.3248058
36047074600,-.31176996
36047074800,-.4411647
36047075000,-.46666461
36047075200,-.98136163
36047075400,-.73061484
36047075600,-.53173721
36047075800,-.59704542
36047076000,-.48567492
36047076200,-.44164377
36047076400,-.30935875
36047076600,-.4298293
36047076800,-.39185575
36047077000,-.21913433
36047077200,-.31396356
36047077400,-.27533227
36047077600,-.0303024
36047078000,-.20443808
36047078200,-.10449038
36047078400,-.26837805
36047078600,-.13264062
36047078800,-.16903944
36047079000,-.019784758
36047079200,-.20559278
36047079400,-.39837393
36047079601,-.21261536
36047079602,-.27513969
36047079801,-.42073503
36047079802,-.38344544
36047080000,-.41488078
36047080200,-.21188363
36047080400,-.48452312
36047080600,-.41767734
36047080800,-.74303263
36047081000,-.69547611
36047081400,-.46357957
36047081600,-.50348896
36047081800,-.29286066
36047082000,-.16587827
36047082200,.030216414
36047082400,-.19999899
36047082600,-.12407858
36047082800,-.13402531
36047083000,.013830001
36047083200,-.34209535
36047083400,-.38558057
36047083600,-.27300587
36047083800,-.34666714
36047084000,-.28824991
36047084600,-.31317014
36047084800,-.3415609
36047085000,-.54960781
36047085200,-1.7645988
36047085400,-.55438745
36047085600,-.3858102
36047085800,-.47933605
36047086000,-.34658155
36047086200,-.19585237
36047086400,-.24038543
36047086600,-.16601403
36047086800,-.25871921
36047087000,-.26041809
36047087200,-.26704445
36047087401,-.49589053
36047087600,-.79389817
36047087800,-.55547464
36047088000,-.41074264
36047088200,-.012111367
36047088400,-.18715218
36047088600,-.023103304
36047088800,-.023182154
36047089000,-.06784495
36047089200,-.36834884
36047089400,-.47722358
36047089600,-.25939786
36047089800,-.63048398
36047090000,-.32990435
36047090200,-.47495717
36047090600,-.42820859
36047090800,-.60392052
36047091000,-.36611781
36047091200,-.11170803
36047091600,-.29293492
36047091800,-.39695475
36047092000,-.56464618
36047092200,-.27932727
36047092400,-.40046924
36047092800,-.29261661
36047093000,-.23609763
36047093200,-.32756782
36047093400,-.28447959
36047093600,-.33230317
36047093800,-.29285187
36047094401,.059411012
36047094402,.13110358
36047094600,-.31007358
36047095000,.2652263
36047095400,.45440415
36047095600,.44521934
36047095800,.093957685
36047096000,-.55169994
36047096200,-.42278162
36047096400,-.097071111
36047096600,-.040106334
36047096800,-.42938891
36047097000,-.43517417
36047097400,-.26626945
36047098200,.081305258
36047098400,-.2195299
36047098600,-.095313758
36047098800,-.10658102
36047099000,-.20757131
36047099200,-.01112109
36047099400,.20834307
36047099600,.55279994
36047099800,.56169271
36047100400,.43670943
36047100600,.28683719
36047100800,.086742967
36047101000,.071661606
36047101200,-.010111267
36047101400,-.060155857
36047101600,-.24345908
36047101800,.12702604
36047102000,.15837729
36047102200,.24353313
36047102400,.2966845
36047102600,.45943171
36047102800,.37998086
36047103400,.30335703
36047105801,.91953927
36047105804,.67925203
36047107000,-.024129774
36047107800,.36497521
36047109800,-.53781873
36047110400,.052191675
36047110600,.29396221
36047111000,.065287396
36047111600,-.01773181
36047111800,-.3761768
36047112000,-.26454031
36047112200,-.28416538
36047112400,-.43730757
36047112600,-.33827311
36047112800,-.21109341
36047113000,-.2935243
36047113200,-.58720142
36047113400,-.67288864
36047114201,-1.1353164
36047114202,-.81944281
36047114400,-.80646324
36047114600,-.68957144
36047115000,-.73015064
36047115200,-.68380886
36047115600,-.40407562
36047115800,-.53901428
36047116000,-.63179523
36047116200,-.55053729
36047116400,-.4663887
36047116600,-.67332804
36047116800,-.74429172
36047117000,-.81201965
36047117201,-.74363458
36047117202,-.4641557
36047117400,-.54278815
36047117601,-.58051836
36047117602,-.51467663
36047117800,-.73288929
36047118000,-1.0720414
36047118201,-.54915655
36047118202,-.47090989
36047118400,-.2396456
36047118600,-.46251124
36047118800,-.48255077
36047119000,-.75213909
36047119200,-.59014452
36047119400,-.3950853
36047119600,-.33436668
36047119800,-.71928805
36047120000,-.72376639
36047120200,-.67010689
36047120800,.21680164
36047121000,-.16465721
36047121400,.15689695
36047122000,.28413731
36047123700,-.68206984
36047150200,-.43271893
36047152200,-.25764829
36061000100,-2.5516746
36061000201,-.85497355
36061000202,-.40521964
36061000500,-2.2307308
36061000600,-.053679511
36061000700,-.04515047
36061000800,-.19878508
36061000900,-1.4531749
36061001001,-.93996257
36061001002,-.34817344
36061001200,-.65165919
36061001300,-.58902228
36061001401,-.64325416
36061001402,-.86540562
36061001501,-.44322598
36061001502,.044846863
36061001600,-.37908113
36061001800,-.40313175
36061002000,-.3666552
36061002100,-.31070068
36061002201,-.38626075
36061002202,-.61360383
36061002400,-.19359012
36061002500,-.67528701
36061002601,-.48795691
36061002602,-.26374599
36061002700,-1.3076262
36061002800,.11444619
36061002900,-.79009056
36061003001,-.53343189
36061003002,-.55976605
36061003100,-.92174423
36061003200,-.16603671
36061003300,-.6099084
36061003400,.1671343
36061003601,-.76670516
36061003602,-.68208528
36061003700,-.54780245
36061003800,-.21705213
36061003900,-.16461222
36061004000,.10775761
36061004100,-.47193065
36061004200,-.56180811
36061004300,-.71048975
36061004400,.35683578
36061004500,-1.2709171
36061004700,-1.0007042
36061004800,.0034703219
36061004900,-.69888681
36061005000,-.33457065
36061005200,-.56080234
36061005400,-.43415821
36061005501,-.69870937
36061005502,-.87842381
36061005600,-.56163919
36061005700,-.80674165
36061005800,-.59107459
36061005900,-.53822237
36061006000,-.17900941
36061006100,-.61455393
36061006200,-.23865981
36061006300,-.33898222
36061006400,.15213853
36061006500,-.37264001
36061006600,.33885464
36061006700,-.28562316
36061006800,-.12393838
36061006900,-.61465955
36061007000,.15540764
36061007100,-.27864033
36061007200,-.014573122
36061007300,-.20959494
36061007400,-.58164454
36061007500,-.29133168
36061007600,-1.1379391
36061007700,-.2116892
36061007800,.022588052
36061007900,-.30938229
36061008000,-.32419395
36061008100,-.11820266
36061008200,-.93676621
36061008300,-.43742076
36061008400,-1.5342751
36061008601,-.93555802
36061008602,-3.7712138
36061008603,-.7454955
36061008700,-.19165871
36061008800,-.53261554
36061008900,-.21539102
36061009000,-.49517083
36061009100,-.28931272
36061009200,-.93038481
36061009300,-.16873443
36061009400,-1.9829621
36061009500,-.93790179
36061009600,-1.762028
36061009700,-.71601278
36061009800,-.17469202
36061009900,-.60145581
36061010000,-1.1981286
36061010100,-1.6027651
36061010200,-2.0095286
36061010300,-1.0981277
36061010400,-1.6241937
36061010601,-.22227798
36061010602,-.33220148
36061010800,-.35391051
36061010900,-1.6969446
36061011000,-.35077849
36061011100,-.99282926
36061011201,-1.8392798
36061011202,-2.2055998
36061011203,-1.5638789
36061011300,-1.7592456
36061011401,-1.8401943
36061011402,-1.2381343
36061011500,-.97349977
36061011600,-.16566528
36061011700,-.41170105
36061011800,.066170804
36061011900,-1.4400371
36061012000,-.72873509
36061012100,-.30622539
36061012200,-1.1902043
36061012400,.37658405
36061012500,-.82588434
36061012600,.36681387
36061012700,-.16555358
36061012800,-.35941041
36061012900,.063162416
36061013000,-.94533968
36061013100,-.65626127
36061013200,.73942524
36061013300,-.04054866
36061013400,.54385591
36061013500,.14722362
36061013600,.6730783
36061013700,-.59326434
36061013800,.43984288
36061013900,.078360863
36061014000,-.25093335
36061014200,-.88689154
36061014300,1.5222015
36061014401,.068436742
36061014402,.32344007
36061014500,-.57411963
36061014601,-.019641478
36061014602,.15798734
36061014700,-.43516436
36061014801,-.53820235
36061014802,-.23570926
36061014900,-.44207636
36061015001,-1.0692887
36061015002,-.76963478
36061015100,.31716567
36061015200,.28189608
36061015300,.0021311361
36061015400,.58519661
36061015500,.19729932
36061015601,.062280446
36061015602,-.45239285
36061015700,.058786795
36061015801,-.26667699
36061015802,-.4833675
36061015900,.26131228
36061016001,-.79869807
36061016002,-.75593477
36061016100,-.09568321
36061016200,-.3648161
36061016300,.20937167
36061016400,-.17269464
36061016500,-.12813364
36061016600,-.31993034
36061016700,.19748552
36061016800,-.73973352
36061016900,.055883173
36061017000,-.016012998
36061017100,.41959503
36061017200,-.41914594
36061017300,.094774663
36061017401,-.7069537
36061017402,-1.0315615
36061017500,.47281215
36061017700,.11530196
36061017800,-.40350878
36061017900,.50422513
36061018000,-.14697297
36061018100,.051956475
36061018200,-.51802582
36061018300,.47798821
36061018400,-.53065616
36061018500,-.37302572
36061018600,-.62224913
36061018700,.44904414
36061018800,-.40934432
36061018900,.12654515
36061019000,-.61068553
36061019100,.5566715
36061019200,-.5610708
36061019300,-.12001552
36061019400,-.39533925
36061019500,.29325926
36061019600,-.81667155
36061019701,-.65722054
36061019702,-.85051888
36061019800,-.89576238
36061019900,.0015234146
36061020000,-.70071399
36061020101,-1.3831995
36061020102,-.46209872
36061020300,-.57039505
36061020500,.094786957
36061020600,-.78727764
36061020701,-.59049731
36061020800,-.49904567
36061020901,-.6768679
36061021000,-.23920044
36061021100,.11142866
36061021200,-.35817343
36061021303,-.32011148
36061021400,-.28048626
36061021500,-.62179148
36061021600,-.27562815
36061021800,-.27892295
36061021900,-.22977485
36061022000,-.3552213
36061022102,-.61999696
36061022200,-.723387
36061022301,.17718165
36061022302,-.49510381
36061022400,-.36869511
36061022500,.67717063
36061022600,-.49331808
36061022700,-.18133812
36061022800,-.34035987
36061022900,.24161977
36061023000,-.071225986
36061023100,-.19837391
36061023200,.022146091
36061023300,.19410892
36061023400,-.32622156
36061023501,-.33682686
36061023502,-.68003792
36061023600,-.16817862
36061023700,.16174635
36061023801,-1.0696501
36061023802,.10223602
36061023900,-.6444031
36061024000,-1.4973706
36061024100,.33258769
36061024200,-.65101755
36061024301,-.73571277
36061024302,-.22515492
36061024500,.32251135
36061024700,.47678742
36061024900,-1.2989634
36061025100,-.54099989
36061025300,.06470488
36061025500,.45638582
36061025700,-.54476058
36061025900,-.35608935
36061026100,.29483542
36061026300,.38454148
36061026500,.41372851
36061026700,-.80617034
36061026900,.049883395
36061027100,.3944535
36061027300,.3769792
36061027500,.13455054
36061027700,-.099830195
36061027900,.47560835
36061028100,.010990094
36061028300,.24976708
36061028500,.18214329
36061028700,.27971616
36061029100,.32551754
36061029300,.33064437
36061029500,.34901243
36061029700,-.72456974
36061029900,-.34228855
36061030300,-.00039629947
36061030700,-.071780346
36061030900,.023910455
36061031100,.51412356
36061031703,-.1045121
36061031704,-.24546699
36061031900,-2.7646599
36081000100,-1.4644989
36081000200,-.66892272
36081000400,-.21732269
36081000600,-.15572786
36081000700,-.34043911
36081000800,-.16712472
36081001000,-.23047854
36081001200,-.27999189
36081001400,-.43503678
36081001600,-.19518682
36081001800,-.3016974
36081001900,-1.3781874
36081002000,-.65490758
36081002200,-.58980316
36081002400,-.71951103
36081002500,-.68125302
36081002600,-.67171443
36081002800,-.43111598
36081003000,-.72588223
36081003100,-1.5301278
36081003200,-.62424785
36081003300,-.95282179
36081003400,-.36453876
36081003600,-.36237434
36081003700,-1.3450146
36081003800,-.48903048
36081003900,-1.3206286
36081004001,-.63154769
36081004002,-.79810214
36081004200,-.29034698
36081004300,-.81916595
36081004401,-.42124632
36081004500,-.76510996
36081004700,-.42412654
36081005000,-1.5323969
36081005100,-.9507767
36081005200,-.5667451
36081005300,-.43555406
36081005400,-.27337229
36081005500,-1.4869987
36081005700,-.57672006
36081005800,.15859081
36081005900,-.31060895
36081006100,-.047809158
36081006201,.6417222
36081006202,.33431721
36081006300,-.035523657
36081006501,-.32197797
36081006502,-.35279578
36081006900,-.54293662
36081007100,-.26521423
36081007300,-.10368555
36081007500,-.20339622
36081007700,-.698798
36081007900,-.50447798
36081008100,-1.0783499
36081008300,-.48501021
36081008500,-1.1890645
36081008600,-.2831758
36081008700,-.34126917
36081008800,.0079519376
36081009100,-.37062752
36081009400,-.38589171
36081009500,-.67291415
36081009600,-.19430712
36081009700,-.4268294
36081009800,-.36367902
36081009900,-1.5544535
36081010000,-.22253716
36081010100,-.50186694
36081010200,-.12451171
36081010300,-.45077395
36081010400,-.21115811
36081010500,.06007906
36081010600,-.28604853
36081010800,-.35353208
36081011000,-.33648896
36081011100,-.2381819
36081011200,-.59037822
36081011300,-.23106237
36081011400,-.77023888
36081011500,-.52512741
36081011600,-.46403649
36081011700,-.35810745
36081011800,-.43326581
36081011900,-.56761003
36081012000,-.47825223
36081012100,-.38248989
36081012200,-.43438205
36081012301,.0047799754
36081012400,-.42664853
36081012500,-.49888873
36081012601,-.408645
36081012602,-.42751446
36081012800,-.6769138
36081013000,-.75567073
36081013200,-.53340328
36081013400,-.31970787
36081013500,-.48820379
36081013600,-.32011583
36081013700,-.69819027
36081013800,-.17849174
36081014000,-.27569386
36081014100,-.86869782
36081014201,-.23460436
36081014202,-.37394786
36081014300,-.37689111
36081014400,-.6098913
36081014500,-.60466295
36081014700,-.48220444
36081014800,-.54001236
36081014900,-.64846581
36081015000,-.41867331
36081015100,-.69062948
36081015200,-.46986401
36081015300,-.79884142
36081015400,-.42590755
36081015500,-.530303
36081015600,-.26286426
36081015700,-1.1570084
36081015801,-.19234358
36081015802,-.030543607
36081015900,-.75261098
36081016100,-1.080937
36081016300,-.72180212
36081016400,-.011094238
36081016600,.016296163
36081016800,.0092188176
36081016900,-.37879682
36081017000,-.11896856
36081017100,-.90181792
36081017200,-.15633164
36081017400,-.21896987
36081017600,-.23154704
36081017800,-.19067413
36081017900,-1.4550868
36081018000,-.27570808
36081018101,-.78558362
36081018102,-.6197781
36081018200,-.23815225
36081018300,-.28935251
36081018401,-.075230747
36081018402,-.28585905
36081018501,-.40568614
36081018502,-.38638818
36081018600,-.47680166
36081018700,-.57097763
36081018800,-.55499387
36081018900,-.63449085
36081019000,-.49194935
36081019200,-.35803226
36081019400,-.23016265
36081019600,-.39090803
36081019800,-.37089732
36081019900,-1.0612732
36081020200,-.55351228
36081020400,-.98281509
36081020500,-1.0555906
36081020600,-.73701006
36081020800,-.94820994
36081021200,-.52574849
36081021400,.0039825169
36081021600,-.25309533
36081021900,-1.6728182
36081022001,.34802267
36081022002,.013279141
36081022900,-.9912799
36081023000,-.66056192
36081023200,-.11356334
36081023500,-.41431364
36081023600,-.57512277
36081023800,-.22955453
36081024000,-.65815943
36081024300,-.42042202
36081024500,-.32534242
36081024600,-3.6388595
36081024700,-.76903564
36081024900,-.56517678
36081025100,-.63089556
36081025301,-.32472789
36081025302,-.85284007
36081025400,-.42890105
36081025500,-.89682215
36081025700,-1.0719286
36081025800,-.5194115
36081025900,-.70624834
36081026000,-.60425472
36081026100,-.38362151
36081026200,-.73276991
36081026300,-.45232674
36081026400,-.51635391
36081026500,-.61957377
36081026600,-.60916257
36081026700,-.32920951
36081026901,-.20196488
36081026902,-.51268405
36081027000,-.59434962
36081027100,-.001389712
36081027200,-.40859511
36081027300,-.14279321
36081027400,-.44146821
36081027500,-.020743415
36081027600,-.61272967
36081027700,.093843728
36081027800,-.24843323
36081027900,-.01516756
36081028000,-.5192138
36081028100,.02070567
36081028200,-.66335189
36081028300,.059962817
36081028400,.11671618
36081028500,-.1023534
36081028700,.03382368
36081028800,.13844909
36081028900,-.17079403
36081029100,-.26489827
36081029300,-.88206655
36081029400,.62379044
36081029500,-.52775747
36081029700,-.81730717
36081029900,-2.0326807
36081030600,.25052318
36081030902,-.29745057
36081030903,.0076959343
36081030904,-.559394
36081031700,-.30819201
36081032000,.45124766
36081032700,-.17054489
36081032800,.0046192165
36081032900,-.20182177
36081033000,.50485301
36081033100,-1.3007075
36081033401,-.11903291
36081033402,1.0518132
36081033700,-.2335515
36081033900,-.22960867
36081034700,-.38073173
36081035100,-.13145898
36081035200,.067754596
36081035300,-.46332696
36081035700,-.25639409
36081035800,.27327001
36081036100,-.50543994
36081036300,-.67443347
36081036500,-.4238323
36081036600,-.21187171
36081036700,-.34794569
36081036800,-.37165216
36081037100,-.77503252
36081037300,-.49572343
36081037500,-.71777433
36081037600,.20516682
36081037700,-.61965644
36081037900,-.45240942
36081038100,-.39041969
36081038302,-.37092307
36081038400,.12951976
36081039400,-.11695752
36081039800,-.46892864
36081039900,-.69169509
36081040000,-.6571793
36081040100,-.43183836
36081040200,-.44057104
36081040300,-.5329861
36081040400,-.10299724
36081040500,-.94454986
36081040700,-.46202919
36081040900,-.70473379
36081041100,-.60335171
36081041300,-.55220163
36081041400,.0089477347
36081041500,-.45008859
36081042400,-.26331371
36081042600,-1.0122346
36081042700,-.27502739
36081043200,-.72370225
36081043400,-.4163394
36081043701,-.2535634
36081043702,.11724209
36081043900,-.23440172
36081044000,.0065095308
36081044301,-.21195821
36081044302,-.12072212
36081044400,-.3654364
36081044601,-.81736946
36081044602,-.40395665
36081044800,-.56661677
36081045000,-.60564208
36081045200,-.95056337
36081045400,-.30079502
36081045500,.61804372
36081045600,-.73736495
36081045700,-.38765427
36081045800,-.51852363
36081045900,-.43931395
36081046000,-.10482286
36081046100,-.64306849
36081046200,.11113068
36081046300,-.65561026
36081046400,-.55761892
36081046500,-.80009717
36081046600,-.22672342
36081046700,-.14561445
36081046800,-.079640627
36081046900,.069945395
36081047000,-.08264593
36081047100,-.32615685
36081047200,-.21073312
36081047300,-.30388579
36081047500,-.16933937
36081047600,-.29535443
36081047800,.38958296
36081047900,-.051431838
36081048000,-.17834993
36081048100,-.23350404
36081048200,-.38838741
36081048300,-.46229857
36081048400,.4437494
36081048500,-.22204098
36081048900,-.49732468
36081049200,.21474688
36081049301,-.47211435
36081049302,-.38482741
36081049500,-.46789196
36081049600,.41600996
36081049700,-.25276196
36081049900,-.19191638
36081050000,-.12723668
36081050201,-.74432254
36081050202,-.70540333
36081050400,-.61863738
36081050500,-.43236494
36081050600,-.63899314
36081050700,-.10763232
36081050800,-.40667352
36081051000,-.3346929
36081051100,-.7916019
36081051200,.22447933
36081051300,-.46044996
36081051500,-.41218594
36081051600,.016948981
36081051700,-.90604007
36081051800,-.21740097
36081052000,-.32744199
36081052100,-.63817185
36081052200,-.45559803
36081052400,-.52367914
36081052500,-.68665624
36081052600,-.47549364
36081052800,-.30992046
36081053000,-.063819237
36081053100,-.45166481
36081053200,-.065098822
36081053401,.068989985
36081053500,-1.0545354
36081053601,-.080740057
36081053800,.085731499
36081053900,-.43719003
36081054000,.48575705
36081054200,.43499646
36081054500,-.46869624
36081054700,-.31882694
36081054800,.21614148
36081054900,-.33489048
36081055100,-.23155566
36081055200,.045562193
36081055300,-.65857923
36081055400,.13636985
36081055500,-.81650084
36081055600,.094099827
36081055700,-.40192214
36081055800,-.14167842
36081055900,-1.2364447
36081056000,-.089531489
36081056100,-.82053661
36081056200,-.21843334
36081056400,.039521068
36081056500,-1.0204747
36081056600,-.057616033
36081056700,-.022070296
36081056800,.57374567
36081057700,-.10434228
36081057900,-.43599468
36081058000,.67526937
36081058100,-.09372703
36081058200,.49875942
36081058300,-.14832573
36081058500,-.03282465
36081058700,-.069039851
36081058900,-.073969118
36081059000,-.079911195
36081059100,.058626816
36081059200,.12074354
36081059300,.056749567
36081059400,.1737975
36081059500,-.10661006
36081059600,.028118404
36081059800,.11775295
36081059900,-.66775453
36081060000,-.019530512
36081060100,-.45420641
36081060300,-.40013021
36081060600,.10932555
36081060701,-.99457514
36081060800,.094082169
36081061000,-.026736546
36081061200,.14915104
36081061301,-.12357609
36081061400,.021711262
36081061601,.23508641
36081061602,.14338744
36081061800,.094716825
36081061900,-.048010707
36081062000,.015134279
36081062100,.057455506
36081062200,.39783871
36081062300,-.3049899
36081062400,-.17546612
36081062500,.023774698
36081062600,.30299369
36081062700,-.012710364
36081062900,-.031133443
36081063000,.037878808
36081063200,.16022065
36081063301,-.35613096
36081063302,-.2790792
36081063500,-.38864532
36081063700,-.24435042
36081063800,.34808686
36081063900,-.29201254
36081064101,-.74018312
36081064102,-.22777843
36081064500,-.58269393
36081064600,.29675749
36081065000,.14178459
36081065400,.58770305
36081065600,.83514667
36081065702,-.60621506
36081065703,.0001527448
36081065900,-.44885781
36081066000,.77027953
36081066100,-.32102945
36081066300,-.052800894
36081066400,1.3380101
36081066501,-.24594794
36081066701,-.3553406
36081066900,-.2716209
36081067100,-.055647369
36081067700,-.24734047
36081067900,-.091133274
36081068000,.35581619
36081068200,-.71179891
36081068300,-.13860837
36081068700,-.18642335
36081069000,.47963652
36081069300,-.40320712
36081069400,.73235297
36081069500,-.40348083
36081069701,-.15469074
36081069702,-.058772534
36081070300,-.19870135
36081070700,-.27079341
36081070900,-.18581176
36081071100,-.070849061
36081071303,.012237627
36081071304,.16695982
36081071305,.028043114
36081071306,.12714112
36081071600,-1.118405
36081071701,-.048780955
36081071702,-.05078841
36081071900,-.16098078
36081072100,.08174739
36081072300,-.44707745
36081072900,-.72975135
36081073100,-.80439776
36081073700,-.41706082
36081073900,-.068516135
36081074100,-.11313134
36081074300,-.010543605
36081074500,-.074447714
36081074700,-.28425553
36081074900,-.60672396
36081075701,-.18241893
36081075702,-.19486408
36081076901,-.26597404
36081076902,-.54543662
36081077300,-.66044456
36081077500,-.61628848
36081077902,.073062196
36081077903,-.25681359
36081077904,.069629893
36081077905,-.21099421
36081077906,-.048143856
36081077907,-.20398211
36081077908,-.11430636
36081078800,-.12056472
36081079000,-.20262672
36081079200,-.081165954
36081079300,-2.2792668
36081079701,.15775457
36081079702,-.076405942
36081079900,-.10766754
36081080301,.045233853
36081080302,-.12128717
36081080900,.093703561
36081081400,.15412608
36081081800,.20683755
36081083700,-.0018340033
36081083800,.59968334
36081084000,.35067225
36081084500,.1217147
36081084601,.096362919
36081084602,-.13813394
36081084900,.017104583
36081085300,-.16272178
36081085500,.090919107
36081085700,.059295066
36081085900,.099195555
36081086100,-.26883695
36081086300,.12035779
36081086400,-.042265542
36081086500,-.25749964
36081086900,-.50392312
36081087100,-.57844931
36081088400,.20664911
36081088901,.63792676
36081089200,.67603254
36081090700,-.32796407
36081091601,.77408361
36081091602,-1.1312363
36081091800,-1.0665306
36081091900,.19943531
36081092200,.10140906
36081092500,.3279593
36081092800,.3013826
36081092900,.26359031
36081093401,.44645315
36081093402,.68647683
36081093800,.46777022
36081093900,.71329898
36081094201,.36401907
36081094202,.54023874
36081094203,.92331827
36081094500,.13849345
36081094700,.18398985
36081095400,.4176161
36081096400,.22579706
36081097202,.21905106
36081097203,.87340367
36081097204,.36427388
36081097300,.04476124
36081098100,.14538735
36081098700,.55467713
36081099100,.87431526
36081099200,.49044639
36081099701,.57670891
36081099703,.48623246
36081099704,.79022133
36081099705,.35145137
36081099801,1.1081433
36081099802,.6990667
36081099900,-1.4027733
36081100801,.43009156
36081100802,1.1090192
36081101001,1.3770487
36081101002,.96930772
36081101700,.72378689
36081102900,.44824231
36081103201,.97748888
36081103202,1.0617086
36081103300,.60743332
36081103900,.52699327
36081104700,.53328133
36081105900,.32386285
36081107201,.14888765
36081107202,.33370695
36081108500,.30062062
36081109300,.25808769
36081109700,-.17965519
36081109900,.060057241
36081111300,-.14745106
36081112300,-.40873721
36081112900,-.2956191
36081113300,-.3023383
36081113900,.031481568
36081114100,.29554605
36081114700,-.11209166
36081115100,-.3973169
36081115500,-.29360151
36081115700,-.019748544
36081115900,.11056753
36081116100,.059474371
36081116300,.030478375
36081116700,-.57727641
36081117100,-.37927011
36081117500,-.070392996
36081118100,-.35953787
36081118500,-.58662337
36081118700,-.40929514
36081118900,-.48778328
36081119100,-.3746289
36081119300,-.43466437
36081119500,-.43442187
36081119900,-.45591357
36081120100,-.51581424
36081120300,-.49250421
36081120500,-.39363831
36081120700,-.24596737
36081121100,-1.2224106
36081121500,.19888043
36081122300,.3159456
36081122701,.77497047
36081122702,.30057204
36081124100,.15340127
36081124700,.12299913
36081125700,.021798143
36081126500,-.40585598
36081126700,-.38101885
36081127700,-.26835665
36081128300,-.16404441
36081129102,.04201683
36081129103,.26604885
36081129104,.41828012
36081130100,.3808797
36081133300,.054539718
36081133900,-.35367554
36081134100,.30308414
36081134700,.63819307
36081136700,.38860372
36081137700,.9182651
36081138501,.60451877
36081138502,.026598303
36081139900,.22962676
36081140300,-.036369037
36081140901,-.31006977
36081140902,.06211083
36081141700,.28933942
36081142900,.10167871
36081143500,-.052813742
36081144100,.16429868
36081144700,.032637671
36081145101,-.44098726
36081145102,-.046484023
36081145900,-.062318727
36081146300,-.13631657
36081146700,-.25501579
36081147100,-.034392256
36081147900,.42875448
36081148300,.12553005
36081150701,.44469869
36081150702,.74835104
36081152901,.86302513
36081152902,1.057165
36081155101,.2966727
36081155102,1.1370523
36081156700,.091170691
36081157101,.95943528
36081157102,-.024474664
36081157901,1.0658557
36081157902,.90307814
36081157903,.90539318
36081161700,.73534501
36081162100,.44495136
36081990100,.33331132
36085000300,-.020414861
36085000600,.17053816
36085000700,.68083608
36085000800,.49223715
36085000900,.34980586
36085001100,.50165135
36085001700,.072598279
36085001800,-.48278734
36085002001,-.14095114
36085002002,.030439075
36085002100,.26230854
36085002700,-.065508902
36085002900,.83534902
36085003300,.78350705
36085003600,.2490446
36085003900,.72169286
36085004000,1.1459576
36085004700,.77549231
36085005000,.42162287
36085005900,.83283174
36085006400,.22734977
36085006700,1.0195513
36085007000,.84721935
36085007400,.52301997
36085007500,.65322936
36085007700,.46260378
36085008100,.85658503
36085009601,.43559974
36085009602,.64128965
36085009700,1.0802712
36085010500,.98592764
36085011201,.97482759
36085011202,1.0818679
36085011401,.57729977
36085011402,.68090224
36085012100,.89657867
36085012200,.9047665
36085012500,.66291559
36085012804,1.1007792
36085012805,.5821991
36085012806,1.2151932
36085013201,.36223692
36085013203,1.1264678
36085013204,.8243171
36085013301,-.1649382
36085013302,.71279156
36085013400,.83778995
36085013800,1.1988511
36085014100,.74137187
36085014604,1.4715536
36085014605,1.2988912
36085014606,1.4794062
36085014607,1.1253213
36085014608,1.0918419
36085014700,.65241581
36085015100,.99382001
36085015400,-2.0181663
36085015601,1.4085901
36085015602,1.1527053
36085015603,.8175146
36085016901,.61996937
36085017005,1.55136
36085017007,1.3899792
36085017008,1.9394361
36085017009,1.9189358
36085017010,2.2416708
36085017011,1.4049445
36085017012,1.3204731
36085017300,.42978698
36085017600,1.5548317
36085017700,.87117636
36085018100,.91525656
36085018701,.60110372
36085018702,1.0058063
36085018901,1.2748408
36085018902,1.293056
36085019700,.70004094
36085019800,1.8708869
36085020100,.96849817
36085020700,1.064607
36085020801,1.9105378
36085020803,2.029145
36085020804,1.9431362
36085021300,1.0115098
36085022300,.92414284
36085022600,2.110827
36085022800,1.4250939
36085023100,1.1701348
36085023900,1.082755
36085024401,2.1026232
36085024402,1.9403825
36085024700,.8602072
36085024800,2.0277898
36085025100,1.3979776
36085027301,1.2941226
36085027302,1.3673971
36085027702,1.5186498
36085027704,1.5231779
36085027705,1.0481471
36085027706,.57618827
36085027900,1.2289426
36085029102,1.1023099
36085029103,1.2882469
36085029104,1.1219121
36085030301,.96202374
36085030302,1.4491746
36085031901,1.0443513
36085031902,.9159416
36085032300,.71070474
