j,fe_j_ridge_optimal
36005000200,-3.9283798
36005000400,-2.9478467
36005001600,-2.7180002
36005001900,-2.8765032
36005002000,-3.6281369
36005002300,-5.5736694
36005002400,-3.2468979
36005002500,-3.3453701
36005002701,-4.137362
36005002702,-2.6776953
36005002800,-2.7940569
36005003100,-2.1966774
36005003300,-3.034904
36005003500,-3.0486546
36005003700,-5.1564202
36005003800,-6.6400175
36005003900,-2.8440132
36005004001,-3.9865525
36005004100,-2.681597
36005004200,-2.131412
36005004300,-2.2338197
36005004400,-2.364078
36005004600,-3.2423048
36005004800,-3.7061121
36005005001,-4.5534406
36005005002,-3.3313711
36005005100,-1.9238185
36005005200,-2.5494065
36005005300,-4.2269692
36005005400,-3.3005865
36005005600,-4.7694306
36005005902,-2.7597051
36005006000,-2.8023105
36005006100,-2.1038492
36005006200,-3.9733942
36005006300,-2.6364474
36005006400,-5.5951915
36005006500,-.7369737
36005006700,-2.7461224
36005006800,-3.2152641
36005006900,-3.5612495
36005007000,-3.3417308
36005007100,-2.3964515
36005007200,-3.3081164
36005007300,-2.8054848
36005007400,-4.438477
36005007500,-3.0260427
36005007600,-3.5380797
36005007700,-2.6639695
36005007800,-3.5131185
36005007900,-2.9159837
36005008300,-1.855585
36005008400,-4.4844408
36005008500,-2.4155755
36005008600,-4.6205196
36005008700,-2.1435709
36005008900,-2.2772706
36005009000,-2.2101822
36005009200,-2.3972878
36005009300,-1.0362136
36005009600,-1.4959548
36005009800,-2.4067781
36005011000,-2.8997507
36005011502,-2.0183411
36005011700,-.74654919
36005011800,-2.2401211
36005011900,-2.3303833
36005012101,-4.1548514
36005012102,-4.4533443
36005012300,-3.3749537
36005012500,-3.9778252
36005012701,-2.81317
36005012901,-2.8937612
36005013000,-4.9210358
36005013100,-3.3561149
36005013200,-2.3140857
36005013300,-3.21258
36005013500,-5.3065343
36005013800,-3.330199
36005014100,-3.2052979
36005014300,-3.7113411
36005014400,-3.2307949
36005014500,-2.4456625
36005014701,-3.1561756
36005014702,-3.4041011
36005014900,-2.2112439
36005015100,-3.5824065
36005015200,-2.6411448
36005015300,-3.7084665
36005015500,-1.673676
36005015700,-2.6422493
36005015800,-2.528476
36005015900,-2.0051193
36005016000,-2.9567339
36005016100,-2.4676092
36005016200,-2.6581666
36005016400,-2.6790521
36005016500,-2.3392701
36005016600,-2.7017126
36005016700,-2.5726092
36005016900,-2.941663
36005017300,-3.1763239
36005017500,-3.3060453
36005017701,-2.8572803
36005017702,-3.5528517
36005017901,-3.8212595
36005017902,-4.3331943
36005018101,-3.8900495
36005018102,-2.9095547
36005018301,-2.4765253
36005018302,-2.4072647
36005018400,-2.7834563
36005018500,-2.6205616
36005018900,-2.6758924
36005019300,-3.390131
36005019400,-2.3503196
36005019500,-2.4688721
36005019700,-2.3216751
36005019900,-2.3062351
36005020000,-1.1069283
36005020100,-2.7295179
36005020200,-2.7178912
36005020400,-2.1244698
36005020501,-3.7046084
36005020502,-4.3653469
36005020601,-3.1321077
36005020900,-3.3335018
36005021001,-2.1491318
36005021002,-3.2279496
36005021100,-3.0374064
36005021200,-3.0520177
36005021301,-4.4573126
36005021302,-3.2407329
36005021501,-2.8920326
36005021502,-2.9509161
36005021601,-2.0222614
36005021602,-2.6003678
36005021700,-3.1316519
36005021800,-3.4036601
36005021900,-2.3398616
36005022000,-3.6007144
36005022101,-3.3282335
36005022102,-3.4636414
36005022200,-2.601362
36005022300,-3.2165356
36005022401,-3.0363259
36005022403,-2.8096073
36005022404,-3.2940361
36005022500,-4.9948354
36005022701,-3.717325
36005022702,-3.6601899
36005022703,-4.4634929
36005022800,-3.287003
36005022901,-2.5875323
36005022902,-3.994221
36005023000,-3.6177986
36005023100,-2.6704214
36005023200,-1.5281518
36005023301,-2.9923577
36005023302,-4.5674229
36005023501,-3.9672854
36005023502,-3.1874514
36005023600,-3.2450826
36005023702,-1.6948755
36005023703,-2.8376129
36005023704,-3.9428883
36005023800,-1.928124
36005023900,-2.6068611
36005024000,-3.5734215
36005024100,-2.8083463
36005024300,-2.5477159
36005024400,-2.8690643
36005024501,-3.395721
36005024502,-4.2585998
36005024600,-3.2477608
36005024700,-4.1720891
36005024800,-2.4561458
36005024900,-4.5684114
36005025000,-2.9078889
36005025100,-2.5000386
36005025200,-3.0177312
36005025300,-2.5419989
36005025400,-3.047384
36005025500,-2.5411325
36005025600,-2.3908944
36005025700,-3.410197
36005026100,-1.2950448
36005026300,-1.9337428
36005026400,-2.9974566
36005026500,-2.3587499
36005026601,-1.7830644
36005026602,-2.5022585
36005026701,-3.3271604
36005026702,-3.5338502
36005026900,-2.2643001
36005027300,-2.6533737
36005027401,-3.1076059
36005027402,-3.5835717
36005027600,-6.8929024
36005027700,-2.303432
36005027900,-2.3906205
36005028100,-3.0629358
36005028300,-2.17647
36005028400,-1.5358622
36005028500,-2.0943737
36005028600,-.80614954
36005028700,-1.3371364
36005028800,-2.2629819
36005028900,-2.0331116
36005029301,-3.1205218
36005029302,-2.3786116
36005029500,-2.0230927
36005029600,-1.9676095
36005029700,-2.1765094
36005030000,-2.2864826
36005030100,-1.9737976
36005030200,-3.647563
36005030701,-1.8645965
36005030900,-1.2578547
36005031000,-1.9148597
36005031200,-2.6867366
36005031400,-3.0487785
36005031600,-4.308579
36005031800,-3.3179452
36005031900,-2.1487796
36005032300,-1.6435218
36005032400,-2.5057356
36005032600,-2.6827905
36005032800,-2.4895024
36005033000,-2.5476022
36005033201,-2.1550715
36005033202,-2.1490684
36005033400,-3.1944592
36005033500,-2.183871
36005033600,-3.5954018
36005033700,-2.0972614
36005033800,-3.1256092
36005034000,-2.4355991
36005034200,-3.1868641
36005034300,-2.395725
36005034400,-3.3134828
36005034500,-1.8381253
36005034800,-2.9320416
36005035000,-3.101932
36005035100,-1.5126919
36005035600,-3.9680963
36005035800,-2.7809312
36005035900,-3.331882
36005036000,-2.8405843
36005036100,-2.7142801
36005036300,-3.522418
36005036400,-3.2252424
36005036501,-3.2790515
36005036502,-4.3179035
36005036700,-4.1590586
36005036800,-3.2063649
36005036901,-3.0673363
36005036902,-3.758693
36005037000,-4.1307201
36005037100,-3.6741025
36005037200,-3.6428916
36005037300,-3.2168849
36005037400,-3.6797574
36005037504,-2.3521078
36005037600,-4.613461
36005037800,-3.9926441
36005037900,-2.2217574
36005038000,-3.2811995
36005038100,-3.568198
36005038200,-4.9258404
36005038301,-3.8618143
36005038302,-2.3885591
36005038500,-2.725929
36005038600,-2.9559193
36005038700,-1.9971679
36005038800,-4.9998479
36005038900,-2.5581632
36005039000,-4.1117349
36005039100,-2.3830464
36005039200,-3.7763424
36005039300,-2.9197199
36005039400,-3.228725
36005039500,-2.4670701
36005039600,-4.117126
36005039700,-2.5249286
36005039800,-3.7027869
36005039901,-2.3377247
36005039902,-2.299819
36005040100,-2.2989135
36005040302,-4.82651
36005040303,-3.3200099
36005040304,-2.993089
36005040400,-3.7753
36005040501,-4.1352062
36005040502,-4.0230565
36005040600,-3.2762105
36005040701,-4.1005664
36005040702,-3.2800519
36005040800,-3.9950633
36005040900,-2.7754273
36005041100,-2.8408921
36005041300,-3.37532
36005041400,-2.4014354
36005041500,-3.7191441
36005041800,-2.27566
36005041900,-2.8667328
36005042000,-1.9777348
36005042100,-1.0746891
36005042200,-2.5386527
36005042300,-3.3242185
36005042400,-2.9762661
36005042500,-2.5903218
36005042600,-3.1803422
36005042800,-3.555974
36005042901,-2.9511266
36005042902,-3.5100355
36005043000,-2.9202445
36005043100,-1.9513426
36005043400,-2.5822124
36005043500,-2.570658
36005043600,-4.1334763
36005044200,-3.9863567
36005044400,-3.5103226
36005044800,-7.644176
36005044901,-3.2866254
36005044902,-3.656143
36005045101,-3.4485996
36005045102,-3.6218421
36005045600,-1.9698969
36005045800,-3.1762559
36005046000,-2.8117659
36005046201,-1.7425417
36005046202,-1.9538194
36005048400,-1.7807149
36005050400,-4.3042235
36005051600,-1.2768505
36047000100,-1.8863508
36047000200,-.91197336
36047000301,-2.3011053
36047000501,-2.6382287
36047000502,-1.2791804
36047000700,-1.4023304
36047000900,2.1559937
36047001100,1.2076807
36047001300,-1.3223872
36047001500,-1.855014
36047001800,-1.5470121
36047002000,-1.6287123
36047002100,-1.5473561
36047002200,-1.5698533
36047002300,-4.2224755
36047002901,-2.8952043
36047003000,-4.0580702
36047003100,-1.9830574
36047003300,-1.2051405
36047003400,-2.2851934
36047003500,-1.7731754
36047003600,-3.7725666
36047003700,.041611217
36047003800,-4.1811166
36047003900,-2.0850623
36047004100,-2.075624
36047004300,-1.8982687
36047004400,-3.9452548
36047004500,-2.1132698
36047004600,-3.0028517
36047004700,-3.8155906
36047004900,-2.5297155
36047005000,-3.0330334
36047005100,-2.4056523
36047005201,-2.8211653
36047005202,-3.4929786
36047005300,-1.1944808
36047005400,-2.9690604
36047005601,-2.6993039
36047005602,-3.0817814
36047005800,-2.2324195
36047005900,-1.7296796
36047006000,-2.536967
36047006200,-2.1782463
36047006300,-2.6741614
36047006400,-2.585639
36047006500,-2.4548056
36047006600,-2.6263924
36047006700,-2.6992915
36047006800,-2.7000804
36047006900,-1.9580939
36047007000,-3.4796598
36047007100,-2.8520343
36047007200,-4.9618282
36047007400,-3.5969903
36047007500,-2.4820027
36047007600,-2.7058363
36047007700,-1.5041051
36047007800,-3.0313013
36047008000,-3.2332385
36047008200,-2.3897033
36047008400,-1.6589857
36047008500,-3.7884634
36047008800,-3.0978703
36047009000,-3.3117611
36047009200,-3.9711227
36047009400,-2.7738249
36047009600,-3.4107294
36047009800,-3.2052588
36047010000,-3.1483798
36047010100,-1.9284285
36047010200,-2.4170151
36047010400,-2.1239641
36047010600,-2.2761695
36047010800,-2.6935773
36047011000,-2.7510393
36047011200,-2.7272887
36047011400,-1.3541254
36047011600,-3.2263844
36047011700,-1.9417092
36047011800,-1.9023018
36047011900,-1.8609415
36047012000,-2.1940594
36047012100,-1.5003732
36047012200,-3.340255
36047012600,-2.887754
36047012700,-2.2955611
36047012801,-3.5380001
36047012901,-2.2673442
36047012902,-2.8662953
36047013000,-2.64661
36047013100,-2.4794672
36047013200,-3.1313968
36047013300,-2.4862461
36047013400,-2.4061227
36047013500,-3.0665178
36047013600,-2.4436753
36047013700,-2.1363504
36047013800,-2.3870976
36047013900,-2.3013124
36047014000,-3.0465965
36047014100,-2.7648325
36047014200,-2.5560493
36047014300,-2.5078008
36047014500,-2.4920354
36047014700,-4.9455981
36047014800,-3.4636855
36047014900,-2.8700738
36047015000,-3.252743
36047015100,-2.4684362
36047015200,-1.189399
36047015300,-1.6358694
36047015500,-2.7498474
36047015700,-2.4214339
36047015900,-2.9034116
36047016000,-2.182198
36047016100,-2.5785897
36047016200,-2.7205229
36047016300,-2.8805499
36047016400,-3.6296804
36047016500,-2.6597867
36047016600,-5.1107936
36047016700,-3.0191193
36047016800,-6.7577858
36047016900,-3.0081244
36047017000,-3.4643445
36047017100,-3.9545283
36047017200,-3.5673134
36047017400,-4.2245255
36047017500,-4.5431318
36047017600,-3.2561414
36047017700,-8.3691511
36047017800,-2.7257795
36047017900,-3.4844
36047018000,-3.6402142
36047018100,-2.9354591
36047018200,-3.3524508
36047018300,-3.236897
36047018400,-5.0360518
36047018501,-4.1210742
36047018600,-4.2554941
36047018700,-4.0910206
36047018800,-3.3678017
36047019000,-2.1740904
36047019100,-2.0174685
36047019200,-2.047097
36047019300,-2.9476209
36047019400,-1.5245676
36047019500,-2.7939472
36047019600,-2.3621626
36047019700,-3.3352389
36047019800,-2.4680991
36047019900,-3.0680394
36047020000,-2.8705974
36047020100,-3.3203573
36047020200,-4.3801537
36047020300,-2.1459584
36047020400,-4.781116
36047020500,-2.8753009
36047020600,-3.4272201
36047020700,-3.8964839
36047020800,-3.6395268
36047021000,-2.8767054
36047021100,-2.6785922
36047021200,-2.2386568
36047021300,-3.0726395
36047021400,-2.5978005
36047021500,-3.4746096
36047021600,-2.6091723
36047021700,-4.3846283
36047021800,-1.6371282
36047021900,-3.965518
36047022000,-1.8797022
36047022100,-4.9781022
36047022200,-2.0899067
36047022400,-2.3049402
36047022600,-1.9077449
36047022700,-3.4425349
36047022800,-1.4847767
36047022900,-4.7012281
36047023000,-1.3952701
36047023100,-3.6046
36047023200,-1.1760185
36047023300,-3.6821516
36047023400,-1.8564533
36047023500,-3.5913317
36047023600,-1.8443655
36047023800,-2.0189197
36047024000,-2.0193851
36047024100,-3.0639951
36047024200,-2.1716833
36047024300,-3.583154
36047024400,-2.5319753
36047024500,-3.8675518
36047024600,-3.474118
36047024700,-2.9012578
36047024800,-2.4885557
36047024900,-3.958745
36047025000,-2.7866738
36047025100,-4.3005471
36047025200,-2.8559589
36047025300,-3.9537249
36047025400,-2.9534528
36047025500,-7.8571639
36047025600,-3.1509049
36047025700,-3.5080903
36047025800,-3.1130667
36047025901,-4.3050623
36047025902,-5.6544304
36047026000,-2.9735129
36047026100,-3.9364812
36047026200,-3.7818427
36047026300,-7.0349598
36047026400,-2.7160375
36047026500,-3.8539088
36047026600,-2.6254494
36047026700,-3.7247672
36047026800,-3.6797493
36047026900,-3.2648587
36047027000,-3.0459285
36047027100,-2.8891146
36047027200,-3.7468078
36047027300,-3.6343596
36047027400,-3.2147245
36047027500,-4.8218102
36047027600,-2.8578305
36047027700,-3.9285264
36047027800,-2.684289
36047027900,-3.8412328
36047028000,-2.6207559
36047028100,-4.02911
36047028200,-2.9522803
36047028300,-3.6134942
36047028400,-2.8874059
36047028501,-1.9376082
36047028502,-5.6398215
36047028600,-3.2749398
36047028700,-3.7318008
36047028800,-3.017967
36047028900,-4.155725
36047029000,-2.5477006
36047029100,-3.9762566
36047029200,-3.6724994
36047029300,-4.1197138
36047029400,-1.6747859
36047029500,-4.4508648
36047029600,-2.5900767
36047029700,-3.9637165
36047029800,-2.6790662
36047029900,-3.3719194
36047030000,-2.5555384
36047030100,-3.4499276
36047030200,-4.0091214
36047030300,-3.5211616
36047030400,-2.1335661
36047030500,-2.8749232
36047030600,-2.6711955
36047030700,-3.0565794
36047030800,-2.0514135
36047030900,-4.1205912
36047031100,-3.8063996
36047031300,-3.4675264
36047031400,-2.1348629
36047031500,-3.9205165
36047031701,-3.9270351
36047031702,-3.8923128
36047031900,-3.1658285
36047032100,-3.9867179
36047032300,-3.6317208
36047032500,-3.5035985
36047032600,-1.63844
36047032700,-3.507972
36047032800,-1.7434964
36047032900,-3.5074263
36047033000,-3.5915039
36047033100,-3.2573075
36047033300,-3.2538826
36047033500,-3.337955
36047033600,-2.4181662
36047033700,-2.9979093
36047033900,-3.7689254
36047034000,-1.9465305
36047034100,-3.2788537
36047034200,-2.2266135
36047034300,-3.9057493
36047034500,-4.5417581
36047034700,-4.7365661
36047034800,-1.8614322
36047034900,-3.6184065
36047035000,-2.7845674
36047035100,-3.8175604
36047035200,-2.2761805
36047035300,-3.5696356
36047035400,-2.043246
36047035500,-3.7757087
36047035601,-3.1668811
36047035602,-2.707695
36047035700,-5.6379666
36047035900,-4.0312438
36047036001,-2.9140654
36047036002,-2.5739772
36047036100,-2.899215
36047036200,-2.4229407
36047036300,-3.5672588
36047036400,-2.5411937
36047036501,-4.3427267
36047036502,-3.3451483
36047036600,-1.6100818
36047036700,-3.006005
36047036900,-3.9665403
36047037000,-1.5256969
36047037100,-3.1986246
36047037300,-3.698879
36047037401,-2.8809831
36047037402,-2.4471428
36047037500,-3.1241722
36047037700,-4.9695635
36047037900,-4.1199417
36047038100,-4.7533112
36047038200,-2.9612095
36047038300,-4.344933
36047038500,-4.8862748
36047038600,-2.8666773
36047038700,-3.4323046
36047038800,-3.092782
36047038900,-2.8960607
36047039000,-3.9017007
36047039100,-2.8685424
36047039200,-3.1037588
36047039300,-3.4429171
36047039400,-2.7753732
36047039500,-3.6199794
36047039600,-3.4980338
36047039700,-3.5724986
36047039800,-2.6225376
36047039900,-4.3993497
36047040000,-2.7332096
36047040100,-4.0231771
36047040200,-3.1355224
36047040300,-3.0783606
36047040400,-2.9123704
36047040500,-4.1445699
36047040600,-4.2415199
36047040800,-3.5432162
36047040900,-4.233304
36047041000,-2.615386
36047041100,-5.4884782
36047041200,-2.5519207
36047041300,-5.3193874
36047041401,-3.7068338
36047041402,-4.2955432
36047041500,-5.1631203
36047041600,-2.6686683
36047041700,-4.7544041
36047041800,-2.6313086
36047041900,-3.9432886
36047042000,-2.447257
36047042100,-3.9956045
36047042200,-2.862957
36047042300,-2.9145031
36047042400,-3.3823321
36047042500,-2.8737996
36047042600,-3.0141571
36047042700,-3.4800222
36047042800,-2.992909
36047042900,-3.2071595
36047043000,-2.6020203
36047043100,-2.6878762
36047043200,-2.9521265
36047043300,-3.0581777
36047043400,-3.0920789
36047043500,-3.9695992
36047043600,-2.9176342
36047043700,-3.6198125
36047043800,-3.0515108
36047043900,-2.4670172
36047044000,-3.1257524
36047044100,-3.130374
36047044200,-2.4553323
36047044300,-1.9671019
36047044400,-3.0921538
36047044500,-2.9453053
36047044600,-2.7866383
36047044700,-2.4983828
36047044800,-3.2882242
36047044900,-1.4777071
36047045000,-3.0804012
36047045200,-3.6079328
36047045300,-1.6538978
36047045400,-2.806114
36047045600,-2.8254168
36047045800,-4.4442301
36047046000,-3.2617807
36047046201,-3.1275675
36047046202,-3.2872498
36047046400,-2.2086558
36047046800,-3.2518137
36047047000,-2.6892083
36047047200,-2.6738122
36047047400,-2.2774367
36047047600,-2.09673
36047047700,-2.6451871
36047047800,-1.704881
36047048000,-2.6358433
36047048100,-1.6873614
36047048200,-2.248457
36047048400,-2.5829918
36047048500,-2.2468934
36047048600,-2.3096247
36047048800,-3.2750587
36047048900,-7.3492317
36047049000,-2.9224594
36047049100,-2.3729246
36047049200,-2.6821575
36047049300,-3.4977121
36047049400,-2.4165151
36047049500,-2.9698136
36047049600,-2.6556337
36047049700,-2.8087628
36047049800,-3.0750856
36047049900,-2.8443692
36047050000,-3.8556786
36047050100,-2.3890312
36047050202,-4.2454071
36047050300,-3.2709465
36047050400,-3.4574869
36047050500,-3.4842713
36047050600,-3.4567962
36047050700,-2.2819989
36047050801,-3.297673
36047050803,-3.8681474
36047050804,-5.0646915
36047050900,-2.9269843
36047051001,-2.5222652
36047051002,-2.8069232
36047051100,-3.0766809
36047051200,-2.9071209
36047051300,-2.4049265
36047051400,-3.4648948
36047051500,-3.5537755
36047051601,-4.2406664
36047051602,-3.5434694
36047051700,-2.8792474
36047051800,-3.5070148
36047051900,-2.7194881
36047052000,-3.5634987
36047052300,-2.7162254
36047052500,-1.7575086
36047052600,-3.0403028
36047052700,-2.7733309
36047052800,-4.1006994
36047052900,-2.398432
36047053000,-2.6188102
36047053100,-2.4147072
36047053200,-3.1415229
36047053300,-2.0779028
36047053400,-1.979647
36047053500,-1.7486303
36047053700,-1.4293256
36047053800,-1.2604955
36047053900,-2.9971864
36047054200,-2.6571562
36047054300,-2.4158256
36047054400,-3.0843887
36047054500,-3.3184175
36047054600,-2.0585597
36047054700,-2.3801339
36047054800,-4.0148683
36047054900,-1.4377835
36047055000,-2.9906485
36047055100,-2.8195074
36047055200,-2.2964242
36047055300,-2.7852547
36047055400,-2.1620746
36047055500,-2.8683729
36047055600,-2.7117751
36047055700,-2.6235695
36047055800,-2.7965221
36047056000,-3.2585013
36047056100,-2.0480111
36047056200,-4.0472403
36047056300,-2.0356736
36047056400,-3.7081964
36047056500,-2.1061821
36047056600,-2.4564953
36047056800,-3.6749592
36047056900,-2.7222469
36047057000,-2.5203168
36047057100,-2.5764241
36047057200,-4.4711428
36047057300,-1.6095694
36047057400,-3.1194584
36047057500,-2.4741442
36047057600,-2.6047757
36047057800,-2.5415144
36047057900,-1.279039
36047058000,-2.897203
36047058200,-2.1526494
36047058400,-3.0884445
36047058600,-2.9983618
36047058800,-2.9656277
36047058900,-1.3463863
36047059000,-3.2202854
36047059100,-3.4715827
36047059200,-2.4113989
36047059300,-2.0792091
36047059401,-2.0952573
36047059402,-2.2413261
36047059600,-2.7834673
36047059800,-3.057348
36047060000,-2.1438842
36047060600,-1.5187668
36047060800,-1.897491
36047061002,-2.8077404
36047061003,-3.4544013
36047061004,-2.410449
36047061200,-4.0003338
36047061600,-1.7882248
36047062000,-2.6538167
36047062200,-1.944337
36047062600,-3.6842191
36047062800,-2.5339792
36047063200,-2.8382871
36047063600,-5.2642474
36047063800,-4.6513844
36047064000,-3.9698186
36047064200,-2.4343591
36047064400,-2.9514618
36047064600,-3.2477734
36047064800,-3.7094951
36047065000,-2.5068629
36047065200,-3.1602988
36047065400,-4.7396255
36047065600,-4.285171
36047065800,-4.3559432
36047066000,-5.0236855
36047066200,-2.5587275
36047066600,-2.8532171
36047067000,-3.4318061
36047067200,-3.4638448
36047067400,-3.2192464
36047067600,-3.1250241
36047067800,-5.1472354
36047068000,-3.4685631
36047068200,-3.5390644
36047068600,-3.9068966
36047068800,-2.0865312
36047069000,-2.9285569
36047069200,-4.5105119
36047069601,-2.8724568
36047069602,-2.4451952
36047069800,-2.0901129
36047070000,-3.3539593
36047070201,-2.1616528
36047070202,-.66675311
36047070600,-1.3235321
36047072000,-3.2552216
36047072200,-3.3734488
36047072400,-3.4745948
36047072600,-3.3387756
36047072800,-4.3518786
36047073000,-4.3682146
36047073200,-7.5311646
36047073400,-4.0105758
36047073600,-3.4343665
36047073800,-2.3574607
36047074000,-2.295109
36047074200,-3.327621
36047074400,-4.5345597
36047074600,-2.6411624
36047074800,-3.1290407
36047075000,-2.9815011
36047075200,-3.5149274
36047075400,-4.2925997
36047075600,-3.9513276
36047075800,-4.2084265
36047076000,-3.3904643
36047076200,-3.6760404
36047076400,-4.7403073
36047076600,-5.472733
36047076800,-2.2372007
36047077000,-3.8730202
36047077200,-3.7631016
36047077400,-2.2968445
36047077600,-3.3404291
36047078000,-5.2650928
36047078200,-6.5014887
36047078400,-4.87853
36047078600,-3.0950117
36047078800,-3.8286297
36047079000,-4.0428047
36047079200,-3.1041498
36047079400,-2.7829065
36047079601,-4.1517282
36047079602,-3.0824764
36047079801,-4.7306809
36047079802,-4.0015092
36047080000,-4.5450015
36047080200,-3.772099
36047080400,-3.1599865
36047080600,-3.6378374
36047080800,-2.3343685
36047081000,-4.1510248
36047081400,-3.3597996
36047081600,-1.4016945
36047081800,-2.7754779
36047082000,-3.3094454
36047082200,-3.1569107
36047082400,-3.1261346
36047082600,-4.4837255
36047082800,-3.7971027
36047083000,-3.9769228
36047083200,-4.8665562
36047083400,-4.4997568
36047083600,-3.0714293
36047083800,-3.6894121
36047084000,-3.1456268
36047084600,-3.1020205
36047084800,-3.5019119
36047085000,-3.9072871
36047085400,-4.3879328
36047085600,-3.6554229
36047085800,-3.8641105
36047086000,-3.6156216
36047086200,-3.5354385
36047086400,-4.1511908
36047086600,-4.7955384
36047086800,-2.7609928
36047087000,-3.8440638
36047087200,-2.1796649
36047087401,-3.2962141
36047087600,-3.3472114
36047087800,-1.780956
36047088000,-3.7009413
36047088200,-4.5811629
36047088400,-4.5711083
36047088600,-4.0099521
36047088800,-3.5885537
36047089000,-2.6454475
36047089200,-3.366631
36047089400,-4.3153486
36047089600,-5.4500804
36047089800,-4.2232537
36047090000,-4.0615363
36047090200,-2.5950036
36047090600,-3.1906281
36047090800,-2.8044186
36047091000,-3.8197553
36047091200,-5.93536
36047091600,-3.8126559
36047091800,-3.8139682
36047092000,-4.5699592
36047092200,-4.2323499
36047092400,-3.0956073
36047092800,-4.4195037
36047093000,-3.6706059
36047093200,-1.9499507
36047093400,-4.5444989
36047093600,-4.5131474
36047093800,-4.5770493
36047094401,-2.4334767
36047094402,-8.3295307
36047094600,-2.7876287
36047095000,-3.2657857
36047095400,-3.6867642
36047095600,-3.8156266
36047095800,-3.3400443
36047096000,-2.9118657
36047096200,-3.0000112
36047096400,-3.9362154
36047096600,-3.753387
36047096800,-2.7413332
36047097000,-4.1020622
36047097400,-2.6891
36047098200,-4.1906886
36047098400,-5.0347514
36047098600,-4.7239704
36047098800,-3.212801
36047099000,-4.2819929
36047099200,-4.6733289
36047099400,-6.4240246
36047099600,-4.6092634
36047099800,-3.6940665
36047100400,-5.8744612
36047100600,-5.7577157
36047100800,-4.5357471
36047101000,-4.0376806
36047101200,-4.7989974
36047101400,-6.4229026
36047101600,-5.2267046
36047101800,-4.1501522
36047102000,-4.2767925
36047102200,-4.2534723
36047102400,-3.9942536
36047102600,-5.1914411
36047102800,-3.0141137
36047103400,-3.5450242
36047105801,-3.0431957
36047105804,-1.7881118
36047107000,-1.04504
36047107800,-1.6527013
36047109800,-2.7880013
36047110400,-2.9796364
36047111000,-5.01862
36047111600,-2.4566636
36047111800,-5.6274333
36047112000,-4.1180882
36047112200,-4.5211582
36047112400,-4.5717988
36047112600,-3.7779126
36047112800,-3.95118
36047113000,-3.8064213
36047113200,-3.2280569
36047113400,-2.5820932
36047114201,-4.0670915
36047114202,-7.707386
36047114400,-2.3738983
36047114600,-4.931592
36047115000,-5.6104798
36047115200,-4.1827159
36047115600,-3.2119474
36047115800,-3.51403
36047116000,-5.2806559
36047116200,-8.5267076
36047116400,-4.908658
36047116600,-5.7372451
36047116800,-3.430542
36047117000,-3.7768829
36047117201,-4.6135221
36047117202,-5.2781205
36047117400,-2.6659276
36047117601,-4.9495292
36047117602,-3.7086549
36047117800,-3.8778071
36047118000,-4.3984599
36047118201,-4.249495
36047118202,-5.1508965
36047118400,-3.8318961
36047118600,-4.3531666
36047118800,-3.400614
36047119000,-3.9093542
36047119200,-3.6160574
36047119400,-4.6028485
36047119600,-4.1392484
36047119800,-3.0505028
36047120000,-3.9739127
36047120200,-5.2838488
36047120800,-3.3267381
36047121000,-3.3403237
36047121400,-5.2906432
36047122000,-2.289099
36047123700,-2.385782
36047150200,-3.5112286
36047152200,-2.8455756
36061000201,-3.0094824
36061000202,-1.9774746
36061000600,-1.2897011
36061000700,1.0753241
36061000800,-1.1710629
36061000900,.68327463
36061001001,-3.6170025
36061001002,-3.1098387
36061001200,-2.1751697
36061001300,.74729896
36061001401,-2.6703229
36061001402,-2.1677022
36061001501,.13395892
36061001502,.50832498
36061001600,-1.0601244
36061001800,-1.3538404
36061002000,-4.0439482
36061002100,1.4225132
36061002201,-2.5593479
36061002202,-3.0645378
36061002400,-5.5888624
36061002500,-2.4514422
36061002601,-3.304971
36061002602,-3.0948586
36061002700,-2.2372723
36061002800,-2.2869494
36061002900,.74748677
36061003001,-1.9918797
36061003002,-2.5791936
36061003100,1.1531253
36061003200,-1.9480106
36061003300,1.4467453
36061003400,-1.7115209
36061003601,-1.769263
36061003602,-1.9401734
36061003700,.51900971
36061003800,-1.3688005
36061003900,.90857273
36061004000,-.64589679
36061004100,-.20596451
36061004200,-1.1953773
36061004300,-.78179461
36061004400,-2.4135575
36061004500,.0078385454
36061004700,-.18573052
36061004800,-1.5347924
36061004900,-.29868793
36061005000,-.1984605
36061005200,.24022892
36061005400,.10591943
36061005501,-1.3005028
36061005502,-1.0052413
36061005600,.45972601
36061005700,-.95100886
36061005800,.52368993
36061005900,-1.7194854
36061006000,-2.2148352
36061006100,-.53691417
36061006200,-.56919545
36061006300,-.77456909
36061006400,-1.1621866
36061006500,-.45827153
36061006600,-.70895821
36061006700,-.96096468
36061006800,.057977561
36061006900,-.74012488
36061007000,-1.1256695
36061007100,-.62804902
36061007200,.055995051
36061007300,-1.1561464
36061007400,.64714921
36061007500,-1.6155461
36061007600,.97105008
36061007700,-1.0719004
36061007800,-.6661219
36061007900,-.55779493
36061008000,.65523154
36061008100,-.55901134
36061008200,1.1170814
36061008300,-.31738424
36061008400,.99747127
36061008601,-2.0655632
36061008602,-3.0459085
36061008603,-1.5388484
36061008700,-.45308629
36061008800,.032510694
36061008900,-1.1770164
36061009000,-.14084645
36061009100,-.54171169
36061009200,1.1427653
36061009300,-1.4647726
36061009400,1.2931387
36061009500,.16375704
36061009600,1.3343129
36061009700,-1.8103285
36061009800,-.26613063
36061009900,-.37064725
36061010000,.79948932
36061010100,.77344584
36061010200,1.0788617
36061010300,.14124092
36061010400,1.1287035
36061010601,-1.4500588
36061010602,-1.3058532
36061010800,-.44500184
36061010900,.99425673
36061011000,-.89995575
36061011100,.32198012
36061011201,.1390679
36061011202,.18723945
36061011203,.21571034
36061011300,.86004889
36061011401,-.32828307
36061011402,-.35610056
36061011500,.093259372
36061011600,-.28213072
36061011700,-.79125994
36061011800,-.91168338
36061011900,.97027719
36061012000,-.82031745
36061012100,-.054466177
36061012200,-.93791538
36061012400,-.35883057
36061012500,.80945075
36061012600,-.52382231
36061012700,-.11956344
36061012800,-.64389336
36061012900,-.30183968
36061013000,-.87907267
36061013100,.68079638
36061013200,-1.1016232
36061013300,-.58209163
36061013400,-.85699493
36061013500,-.44952318
36061013600,-1.2317611
36061013700,.41221637
36061013800,-1.2036541
36061013900,-.1447393
36061014000,-1.1961176
36061014200,-1.0500164
36061014300,.050629962
36061014401,-2.065836
36061014402,-1.8713647
36061014500,-.12087437
36061014601,-1.4805027
36061014602,-1.7964146
36061014700,-2.0644937
36061014801,-1.7510912
36061014802,-1.5177138
36061014900,-.68526173
36061015001,-1.99384
36061015002,-1.5416111
36061015100,-1.2771485
36061015200,-1.8213583
36061015300,-.77101803
36061015400,-1.4940012
36061015500,-1.7099581
36061015601,-2.0890939
36061015602,-1.5611317
36061015700,-1.2736145
36061015801,-1.7758344
36061015802,-2.7016494
36061015900,-1.1745051
36061016001,-1.8017367
36061016002,-2.502208
36061016100,-1.7138642
36061016200,-2.7611055
36061016300,-.87204039
36061016400,-1.9248074
36061016500,-1.676193
36061016600,-1.966261
36061016700,-1.0333984
36061016800,-.89517319
36061016900,-1.3873757
36061017000,-2.0006258
36061017100,-.83277512
36061017200,-2.3230193
36061017300,-1.5913985
36061017401,-1.891901
36061017402,-3.1193049
36061017500,-1.0709156
36061017700,-1.6306957
36061017800,-3.0142171
36061017900,-1.471738
36061018000,-2.6755438
36061018100,-1.8719602
36061018200,-2.4957342
36061018300,-1.5184253
36061018400,-2.9190538
36061018500,-2.4240978
36061018600,-3.1154048
36061018700,-1.6715863
36061018800,-2.4198551
36061018900,-1.7538012
36061019000,-2.6821489
36061019100,-1.6185716
36061019200,-3.0596652
36061019300,-2.2986665
36061019400,-1.4273902
36061019500,-1.8510196
36061019600,-1.8274436
36061019701,-2.5015848
36061019702,-4.1300869
36061019800,-2.0547249
36061019900,-1.1280911
36061020000,-2.3729055
36061020101,-1.1189466
36061020102,-4.059176
36061020300,-.036816362
36061020500,-.41544241
36061020600,-2.1136308
36061020701,-3.4349866
36061020800,-2.8664122
36061020901,-2.1413796
36061021000,-3.6318645
36061021100,-1.3407828
36061021200,-2.029711
36061021303,-2.4934568
36061021400,-3.5897312
36061021500,-3.253051
36061021600,-3.1087143
36061021703,-2.3315105
36061021800,-2.8015943
36061021900,-1.389895
36061022000,-3.0176206
36061022102,-3.4758313
36061022200,-2.0742221
36061022301,-2.5747981
36061022302,-3.3141434
36061022400,-2.7700765
36061022500,-2.4225075
36061022600,-3.056613
36061022700,-2.9062493
36061022800,-2.9779496
36061022900,-2.1827865
36061023000,-2.7307546
36061023100,-3.4117384
36061023200,-2.7648897
36061023300,-2.8960979
36061023400,-3.7622464
36061023501,-3.7122064
36061023502,-4.8246121
36061023600,-3.5757596
36061023700,-2.7758405
36061023801,-1.2078174
36061023802,-1.5863208
36061023900,-5.288269
36061024000,-4.9746618
36061024100,-1.9094735
36061024200,-2.1160095
36061024301,-3.4860089
36061024302,-3.7135324
36061024500,-2.0619538
36061024700,-3.4381022
36061024900,-4.1042795
36061025100,-1.2107562
36061025300,-2.392076
36061025500,-1.5721182
36061025700,-2.7565618
36061025900,-3.6637218
36061026100,-2.2271647
36061026300,-1.7618531
36061026500,-1.7864503
36061026700,-5.8935871
36061026900,-2.0768101
36061027100,-1.8890395
36061027300,-2.6225183
36061027500,-3.3245137
36061027700,-2.3335693
36061027900,-2.2626145
36061028100,-3.6411643
36061028300,-2.1488559
36061028500,-2.5224771
36061028700,-2.8209474
36061029100,-2.7898269
36061029300,-2.3703644
36061029500,-3.2590919
36061029700,-5.8364177
36061029900,-3.1921206
36061030300,-3.2503474
36061030700,-2.9505985
36061030900,-2.8837183
36061031100,-5.6287012
36061031703,.20659608
36061031704,-.61469859
36061031900,-1.247589
36081000100,-1.3596936
36081000200,-4.9255304
36081000400,-3.8271656
36081000600,-3.9778216
36081000700,-1.0061809
36081000800,-4.1601367
36081001000,-3.8730042
36081001200,-3.8397236
36081001400,-3.8732009
36081001600,-3.7303033
36081001800,-3.7726984
36081001900,-.66211355
36081002000,-3.8966155
36081002200,-4.1040239
36081002400,-4.4440989
36081002500,-3.2005568
36081002600,-4.1454997
36081002800,-3.6407821
36081003000,-4.5563183
36081003100,-1.9719588
36081003200,-2.5114968
36081003300,-1.3421162
36081003400,-3.5199802
36081003600,-3.4573228
36081003700,-2.1115668
36081003800,-3.2228222
36081003900,-1.9512459
36081004001,-3.318166
36081004002,-2.9602523
36081004200,-3.8179984
36081004300,-2.2150245
36081004401,-3.5790548
36081004500,-2.6680133
36081004700,-2.620115
36081005100,-1.9024919
36081005200,-4.015851
36081005300,-2.2708139
36081005400,-2.7192492
36081005500,-1.1930151
36081005700,-1.8499471
36081005800,-3.1585591
36081005900,-2.3279276
36081006100,-2.353837
36081006201,-3.1501145
36081006202,-2.6577294
36081006300,-2.0754058
36081006501,-3.1292262
36081006502,-2.637605
36081006900,-2.7382488
36081007100,-1.9580774
36081007300,-1.8840065
36081007500,-2.35255
36081007700,-2.6621578
36081007900,-3.0459609
36081008100,-2.002177
36081008300,-2.6163089
36081008500,-1.8316894
36081008600,-3.2153275
36081008700,-1.9581472
36081008800,-3.7914333
36081009100,-4.1921349
36081009400,-3.6556342
36081009500,-4.7705641
36081009600,-4.2906599
36081009700,-3.9162211
36081009800,-3.835408
36081010000,-4.4628611
36081010100,-3.7675939
36081010200,-3.7848661
36081010300,-3.2689102
36081010400,-3.8927746
36081010500,-3.8374
36081010600,-3.4497046
36081010701,-2.4963562
36081010800,-4.1694036
36081011000,-4.2532501
36081011100,-2.8420329
36081011200,-2.9210589
36081011300,-2.2638364
36081011400,-2.8960545
36081011500,-2.8155208
36081011600,-3.9605055
36081011700,-2.9741025
36081011800,-4.2015409
36081011900,-2.7083304
36081012000,-3.2978086
36081012100,-3.073452
36081012200,-3.1185753
36081012301,-1.6580266
36081012400,-2.8120191
36081012500,-3.7484593
36081012601,-4.0505443
36081012602,-3.9015172
36081012800,-4.2325912
36081013000,-4.0089207
36081013200,-2.1371706
36081013400,-3.3884296
36081013500,-3.9709814
36081013600,-3.110801
36081013700,-3.1824775
36081013800,-3.1589682
36081014000,-3.0951672
36081014100,-2.4186223
36081014201,-3.4846005
36081014202,-2.4631095
36081014300,-3.1225998
36081014400,-2.395505
36081014500,-4.1906981
36081014700,-3.1012957
36081014800,-5.0666132
36081014900,-2.9719663
36081015000,-4.7132597
36081015100,-3.9821563
36081015200,-4.7620721
36081015300,-3.3528647
36081015400,-3.7204492
36081015500,-2.3254914
36081015600,-3.4672177
36081015700,-1.3833187
36081015801,-3.9742796
36081015802,-2.7671151
36081015900,-2.9049015
36081016100,-3.7700143
36081016300,-3.7062602
36081016400,-4.7591805
36081016600,-2.7508638
36081016800,-3.544502
36081016900,-2.5631242
36081017000,-4.5439095
36081017100,-2.1766944
36081017200,-3.989675
36081017400,-5.1583824
36081017600,-5.2773547
36081017800,-3.8869455
36081017900,-.65411299
36081018000,-4.1894526
36081018101,-3.4658
36081018102,-3.3170712
36081018200,-4.3825164
36081018300,-1.9863315
36081018401,-4.2765183
36081018402,-4.1644492
36081018501,-4.3883944
36081018502,-3.6174774
36081018700,-3.4064069
36081018800,-6.6289711
36081018900,-2.2143216
36081019000,-4.2849793
36081019200,-6.9112792
36081019400,-5.5625167
36081019600,-4.8485374
36081019800,-4.5949135
36081019900,-.55982465
36081020200,-5.8716245
36081020400,-2.8239636
36081020500,-.79332775
36081020600,-4.1420083
36081020800,-2.4243424
36081021200,-2.0688252
36081021400,-2.0874152
36081021600,-2.3626277
36081021900,-1.0885065
36081022001,-3.0636613
36081022002,-3.5328872
36081022900,-2.2637582
36081023000,-3.7613568
36081023200,-2.2875259
36081023500,-2.5544538
36081023600,-1.942646
36081023800,-2.5520523
36081024000,-2.1712112
36081024300,-2.8661149
36081024500,-2.2895408
36081024600,-2.1578653
36081024700,-4.2503963
36081024900,-2.5253284
36081025100,-2.6811485
36081025301,-2.8204076
36081025302,-3.295188
36081025400,-3.0438199
36081025500,-2.2272227
36081025700,-2.4496984
36081025800,-4.800971
36081025900,-1.6717154
36081026000,-4.9348059
36081026100,-2.9074194
36081026200,-4.7946911
36081026300,-3.2419741
36081026400,-4.4235926
36081026500,-3.2211461
36081026600,-4.1151032
36081026700,-2.0497305
36081026901,-2.693454
36081026902,-3.5884449
36081027000,-4.1728177
36081027100,-3.4481044
36081027200,-3.7144537
36081027300,-2.8612866
36081027500,-3.0068586
36081027600,-4.6086969
36081027700,-3.1424484
36081027800,-6.1053381
36081027900,-3.0279965
36081028000,-3.4728951
36081028100,-2.3975599
36081028200,-3.8305264
36081028300,-2.0852017
36081028400,-3.2785139
36081028500,-2.8661106
36081028700,-2.2835734
36081028800,-3.6127098
36081028900,-2.2681015
36081029100,-2.5949435
36081029300,-3.0736022
36081029400,-2.2092686
36081029500,-3.3496912
36081029700,-3.0259261
36081029900,-3.5135999
36081030600,-1.429184
36081030902,-3.2187095
36081030903,-2.3965454
36081030904,-1.9919108
36081031700,-2.0453372
36081032000,-1.4198318
36081032700,-3.4341989
36081032800,-3.6387022
36081032900,-2.8328164
36081033000,-3.5085962
36081033100,-1.5073214
36081033401,-3.9450758
36081033402,-1.8641771
36081033700,-3.5777323
36081033900,-3.3040671
36081034700,-2.3639846
36081035100,-4.1477075
36081035200,-2.8674972
36081035300,-2.495223
36081035700,-2.1837697
36081035800,-2.7211323
36081036100,-3.5781846
36081036300,-3.9464037
36081036500,-3.8421671
36081036600,-3.4512255
36081036700,-3.826278
36081036800,-5.4502563
36081037100,-6.5291057
36081037300,-3.0733731
36081037500,-3.2546856
36081037600,-4.2431912
36081037700,-4.1428657
36081037900,-3.8430362
36081038100,-2.9929402
36081038301,-1.5914221
36081038302,-3.4167264
36081038400,-4.0597849
36081039400,-3.8531964
36081039800,-4.0288944
36081039900,-3.2894666
36081040000,-4.7199526
36081040100,-3.553051
36081040200,-4.8479371
36081040300,-3.4744956
36081040400,-3.7862592
36081040500,-2.5454817
36081040700,-3.5415936
36081040900,-3.9863014
36081041100,-4.4372878
36081041300,-2.8576374
36081041400,-2.6131856
36081041500,-3.0915475
36081042400,-3.5242672
36081042600,-3.2890215
36081042700,-3.0202448
36081043200,-3.3867497
36081043400,-3.7146161
36081043701,-2.6394165
36081043702,-3.5561075
36081043900,-3.1367457
36081044000,-3.5944841
36081044301,-3.6592653
36081044302,-3.1507246
36081044400,-2.9116492
36081044601,-1.2252555
36081044602,-2.4704432
36081044800,-3.8077652
36081045000,-4.2197127
36081045200,-2.7405887
36081045400,-3.1724005
36081045500,-3.1006365
36081045600,-4.5618877
36081045700,-4.9254913
36081045800,-2.7137454
36081045900,-5.1587167
36081046000,-1.6440471
36081046100,-3.6335552
36081046200,-1.336645
36081046300,-4.4595027
36081046400,-3.9793963
36081046500,-3.7211728
36081046600,-2.5727608
36081046700,-3.6598377
36081046800,-3.6478601
36081046900,-3.1777349
36081047000,-3.6199007
36081047100,-2.7961953
36081047200,-2.9156849
36081047300,-2.3812516
36081047500,-2.9671385
36081047600,-4.2826414
36081047800,-2.5021164
36081047900,-2.6208582
36081048000,-1.0147852
36081048100,-2.7057652
36081048200,-2.8374374
36081048300,-3.1158938
36081048400,-4.1326303
36081048500,-2.4940336
36081048900,-2.624975
36081049200,-3.8336887
36081049301,-3.9771338
36081049302,-2.9236338
36081049500,-4.9457994
36081049600,-3.7230706
36081049700,-2.9120095
36081049900,-3.2990682
36081050000,-3.231401
36081050201,-6.3412051
36081050202,-5.936758
36081050400,-6.3459449
36081050500,-5.6545596
36081050600,-6.0534286
36081050700,-3.8260405
36081050800,-4.8149385
36081051000,-4.1557522
36081051100,-3.2079232
36081051200,-3.8320527
36081051300,-4.0096693
36081051500,-2.0961041
36081051600,-8.0694256
36081051700,-2.5230761
36081051800,-5.8953156
36081052000,-5.3423886
36081052100,-2.737823
36081052200,-6.6357789
36081052400,-6.2067657
36081052500,-2.8321204
36081052600,-3.7237055
36081052800,-4.1842465
36081053000,-4.7331462
36081053100,-1.3062183
36081053200,-4.3953447
36081053401,-4.5483704
36081053500,-1.109531
36081053601,-6.9145293
36081053800,-4.0542884
36081053900,-2.0664036
36081054000,-3.1680562
36081054200,-3.1924386
36081054500,-3.4749939
36081054700,-4.2548642
36081054800,-2.9798877
36081054900,-3.1995747
36081055100,-2.9213612
36081055200,-3.2745121
36081055300,-2.5570304
36081055400,-3.5415478
36081055500,-3.0821981
36081055600,-5.2808061
36081055700,-2.8859882
36081055800,-5.26823
36081055900,-3.3631043
36081056000,-4.2410674
36081056100,-4.2478819
36081056200,-5.0539179
36081056400,-3.2025456
36081056500,-4.7958975
36081056600,-3.423337
36081056700,-4.4279275
36081056800,-2.3012121
36081057700,-3.1673157
36081057900,-6.774229
36081058000,-4.7567606
36081058100,-3.6560264
36081058200,-3.3547323
36081058300,-2.6299672
36081058500,-4.031939
36081058700,-3.2323971
36081058900,-3.713891
36081059100,-3.4389637
36081059200,-6.9814539
36081059300,-2.8328779
36081059400,-5.1170416
36081059500,-2.7723634
36081059600,-3.9018536
36081059800,-3.9930825
36081059900,-4.9146032
36081060000,-2.389046
36081060100,-3.8429852
36081060300,-2.8415685
36081060600,-4.0889053
36081060701,-5.0718603
36081060800,-3.787183
36081061200,-5.8770313
36081061301,-3.3908205
36081061302,-3.4924402
36081061400,-5.3358932
36081061601,-6.0192566
36081061602,-2.9008536
36081061800,-3.9021516
36081061900,-2.8912106
36081062000,-5.409472
36081062100,-2.8666182
36081062200,-3.962467
36081062300,-2.9846435
36081062400,-5.1496992
36081062500,-3.1087003
36081062600,-3.8547823
36081062700,-3.8180666
36081062900,-2.9579203
36081063000,-4.1523595
36081063200,-2.6068885
36081063301,-3.2714493
36081063302,-3.2234287
36081063500,-3.5378785
36081063700,-2.9315875
36081063800,-2.731786
36081063900,-3.1276975
36081064101,-5.1058068
36081064102,-7.1848083
36081064500,-3.0539885
36081064600,-5.3658423
36081065400,-3.2161489
36081065501,-3.9603305
36081065600,-2.7691805
36081065702,-3.2431197
36081065703,-3.2715638
36081065900,-4.1504188
36081066000,-4.7808261
36081066100,-5.2188911
36081066300,-3.5612376
36081066400,-1.3784817
36081066501,-3.7547679
36081066701,-4.0806303
36081066900,-4.6319203
36081067100,-3.5196574
36081067700,-4.2509599
36081067900,-3.1861248
36081068000,-3.3460422
36081068200,-4.9342413
36081068300,-1.9452505
36081068700,-2.9820745
36081069000,-3.3001726
36081069300,-2.229923
36081069400,-2.4816139
36081069500,-3.1183019
36081069701,-2.3073528
36081069702,-2.8856664
36081070300,-3.2121537
36081070700,-3.5632675
36081070900,-3.2754622
36081071100,-2.262857
36081071303,-2.9008994
36081071304,-2.2424085
36081071305,-2.5262024
36081071306,-2.7298882
36081071600,.7207045
36081071701,-2.0823689
36081071702,-2.6385703
36081071900,-4.185596
36081072100,-3.8160863
36081072300,-3.5014236
36081072900,-3.2165525
36081073100,-3.5744357
36081073700,-2.1600707
36081073900,-2.0110481
36081074100,-3.0285954
36081074300,-2.7974157
36081074500,-3.3091533
36081074700,-3.0822845
36081074900,-4.1221499
36081075701,-.94230199
36081075702,-2.7037451
36081076901,-2.9952214
36081076902,-2.6468976
36081077300,-2.9762843
36081077500,-3.1879542
36081077902,-2.0479698
36081077903,-2.7356894
36081077904,-3.1102521
36081077905,-3.246994
36081077906,-2.6393893
36081077907,-2.5640938
36081077908,-3.8771343
36081078800,-3.4526713
36081079000,-3.9063203
36081079200,-2.3405986
36081079701,-3.0006309
36081079702,-2.19047
36081079900,-.92874557
36081080301,-2.6686511
36081080302,-3.7779362
36081080900,-2.2519417
36081081400,-3.3614891
36081081800,-3.223285
36081083700,-3.1941223
36081083800,-3.5167053
36081084000,-2.9139001
36081084500,-3.3020577
36081084601,-4.246326
36081084602,-2.2422299
36081084900,-1.0553613
36081085300,-1.6204876
36081085500,-2.73716
36081085700,-1.8633857
36081085900,-3.0755625
36081086100,-2.9445157
36081086300,-2.8132303
36081086400,-3.3070271
36081086500,-2.010025
36081086900,-1.0210624
36081087100,-1.0672803
36081088400,-2.2562251
36081088901,-1.8814605
36081089200,-1.0552486
36081090700,-.86596251
36081091601,-2.5597947
36081091602,-7.1722255
36081091900,-.70503634
36081092200,-4.1701508
36081092500,-1.3371981
36081092800,-3.3316262
36081092900,-1.1368321
36081093401,-1.3246293
36081093402,-2.2409482
36081093800,-1.3559438
36081093900,-2.7766628
36081094201,-1.8300569
36081094202,-2.505295
36081094203,-2.3421226
36081094500,-1.2723539
36081094700,-1.2146947
36081095400,-2.5604413
36081096400,-2.0338607
36081097202,-3.3266673
36081097203,-3.3882632
36081097204,-1.6657242
36081097300,-2.5936346
36081098100,-1.8380164
36081098700,-1.2923143
36081099100,-2.3007097
36081099200,-2.8884649
36081099701,-2.6485236
36081099703,-2.2515321
36081099704,-1.5971107
36081099705,-2.8478529
36081099801,-1.19412
36081099802,-2.6471786
36081099900,-4.3962469
36081100801,-4.6038032
36081100802,-2.2004082
36081101001,-.86102527
36081101002,-1.8409029
36081101700,-2.4198256
36081102900,-2.4417496
36081103201,-3.3265867
36081103202,-1.0228198
36081103300,-3.1271322
36081103900,-2.0859201
36081104700,-2.5896113
36081105900,-2.9427061
36081107201,-3.0778303
36081108500,-2.6143339
36081109300,-2.2641282
36081109700,-2.8951132
36081109900,-2.5341063
36081111300,-2.6679156
36081112300,-1.9592731
36081112900,-3.0477951
36081113300,-3.2539732
36081113900,-2.8056724
36081114100,-2.8026962
36081114700,-4.4023771
36081115100,-4.459651
36081115500,-3.3989081
36081115700,-2.4673524
36081115900,-3.1345766
36081116100,-1.9013189
36081116300,-2.3503804
36081116700,-3.2471244
36081117100,-2.3782716
36081117500,-2.6597109
36081118100,-2.8637061
36081118500,-3.7880445
36081118700,-4.3816676
36081118900,-3.0771182
36081119100,-3.5882609
36081119300,-3.6524148
36081119500,-5.5825043
36081119900,-4.188189
36081120100,-1.9203712
36081120300,-4.1844621
36081120500,-2.8714514
36081120700,-3.7849219
36081121100,-5.2666636
36081121500,-2.8703387
36081122300,-2.2346132
36081122701,-2.0189431
36081122702,-2.4889364
36081124100,-2.6788456
36081124700,-2.4360046
36081125700,-2.4873998
36081126500,-2.122622
36081126700,-2.9081583
36081127700,-3.0601678
36081128300,-5.1457324
36081129102,-3.0002482
36081129103,-3.0178704
36081129104,-3.0935795
36081130100,-2.6134109
36081133300,-2.9869449
36081133900,-3.5160847
36081134100,-2.163708
36081134700,-1.8859102
36081136700,-2.8634531
36081137700,-2.8290217
36081138501,-2.5157554
36081138502,-2.6735926
36081139900,-3.2944548
36081140300,-3.9533887
36081140901,-3.6132216
36081140902,-2.7780108
36081141700,-2.8132515
36081142900,-3.2109449
36081143500,-3.9196014
36081144100,-3.6004167
36081144700,-2.3326955
36081145101,-2.8899827
36081145102,-3.1670096
36081145900,-3.0986247
36081146300,-2.4775534
36081146700,-2.1149075
36081147100,-2.138974
36081147900,-1.8097347
36081148300,-2.5521767
36081150701,-2.2964773
36081150702,-1.5039194
36081152901,-1.4170246
36081152902,-1.5732312
36081155101,-2.0793383
36081155102,-.90826982
36081156700,-1.8140125
36081157101,-2.3962252
36081157102,-3.3123612
36081157901,-2.7036238
36081157902,-2.171119
36081157903,-2.7071867
36081161700,-2.5305102
36081162100,-2.9935648
36085000300,-1.9923866
36085000600,-2.315001
36085000700,-2.715874
36085000800,-2.4741297
36085000900,-5.0572286
36085001100,-3.1589954
36085001700,-3.1503713
36085001800,-2.9726934
36085002001,-4.3069434
36085002002,-2.6407437
36085002100,-2.5983946
36085002700,-1.4504914
36085002900,-2.439817
36085003300,-2.8894465
36085003600,-3.57724
36085003900,-2.5164011
36085004000,-1.8917265
36085004700,-2.0358233
36085005000,-2.1944239
36085005900,-2.4687014
36085006400,-1.3490423
36085006700,-1.1106352
36085007000,-.58366084
36085007400,-2.2902811
36085007500,-1.8300337
36085007700,-3.8305812
36085008100,-2.0000005
36085009601,-1.1167629
36085009602,-1.9204828
36085009700,-1.3543521
36085010500,-1.8017638
36085011201,-1.8099232
36085011202,-1.4482218
36085011401,-2.0506248
36085011402,-2.1444707
36085012100,-1.9442166
36085012200,-1.6726483
36085012500,-2.725929
36085012804,-1.730437
36085012805,-3.6753104
36085012806,-2.1928864
36085013201,-2.6955752
36085013203,-2.1701608
36085013204,-2.7417684
36085013301,-7.8823619
36085013302,-2.1396263
36085013400,-1.52573
36085013800,-2.2750845
36085014100,-2.6878705
36085014604,-2.3854642
36085014605,-2.4754682
36085014606,-1.0190872
36085014607,-2.2087772
36085014608,-3.7489276
36085014700,-2.1353664
36085015100,-2.2261057
36085015400,-6.194869
36085015601,-1.6864884
36085015602,-2.2631876
36085015603,-2.1231883
36085016901,-1.9201002
36085017005,-2.1338367
36085017007,-3.0573688
36085017008,-2.7940569
36085017009,-2.7323945
36085017010,-2.182786
36085017011,-2.7120962
36085017012,-3.1073349
36085017300,-3.2377367
36085017600,-1.7105415
36085017700,-1.8711818
36085018100,-1.8376819
36085018701,-2.5165532
36085018702,-1.5893024
36085018901,-1.8831326
36085018902,-1.6972145
36085019700,-3.4146674
36085019800,-1.1488826
36085020100,-2.0568466
36085020700,-1.2086682
36085020801,-1.7107148
36085020803,-2.4750147
36085020804,-2.2935662
36085021300,-1.9335368
36085022300,-1.6103684
36085022600,-.43491417
36085022800,-1.5908424
36085023100,-2.277801
36085023900,-1.5222446
36085024401,-1.9099528
36085024402,-2.5264816
36085024700,-1.9310831
36085024800,-1.1002157
36085025100,-1.906866
36085027301,-1.4995942
36085027302,-1.9763516
36085027702,-.29205793
36085027704,-2.1488853
36085027705,-2.6639552
36085027706,-1.8705641
36085027900,-1.8316797
36085029102,.032972641
36085029103,-.9636007
36085029104,-1.1522903
36085030301,-1.4657288
36085030302,-1.9582908
36085031901,-1.6666944
36085031902,-1.4995909
36085032300,-.71625203
